[
  {
    "DISTRICT_ID": 111,
    "DISTRICT_VALUE": "6430",
    "DISTRICT_NAME": "HUYỆN TUY ĐỨC",
    "PROVINCE_ID": 9
  },
  {
    "DISTRICT_ID": 112,
    "DISTRICT_VALUE": "6410",
    "DISTRICT_NAME": "THÀNH PHỐ GIA NGHĨA",
    "PROVINCE_ID": 9
  },
  {
    "DISTRICT_ID": 113,
    "DISTRICT_VALUE": "6424",
    "DISTRICT_NAME": "HUYỆN CƯ JÚT",
    "PROVINCE_ID": 9
  },
  {
    "DISTRICT_ID": 114,
    "DISTRICT_VALUE": "6421",
    "DISTRICT_NAME": "HUYỆN KRÔNG NÔ",
    "PROVINCE_ID": 9
  },
  {
    "DISTRICT_ID": 115,
    "DISTRICT_VALUE": "6416",
    "DISTRICT_NAME": "HUYỆN ĐẮK SONG",
    "PROVINCE_ID": 9
  },
  {
    "DISTRICT_ID": 116,
    "DISTRICT_VALUE": "6418",
    "DISTRICT_NAME": "HUYỆN ĐẮK MIL",
    "PROVINCE_ID": 9
  },
  {
    "DISTRICT_ID": 117,
    "DISTRICT_VALUE": "6413",
    "DISTRICT_NAME": "HUYỆN ĐẮK RLẤP",
    "PROVINCE_ID": 9
  },
  {
    "DISTRICT_ID": 118,
    "DISTRICT_VALUE": "2828",
    "DISTRICT_NAME": "HUYÊN YÊN LẠC",
    "PROVINCE_ID": 10
  },
  {
    "DISTRICT_ID": 119,
    "DISTRICT_VALUE": "2815",
    "DISTRICT_NAME": "HUYỆN TAM DƯƠNG",
    "PROVINCE_ID": 10
  },
  {
    "DISTRICT_ID": 120,
    "DISTRICT_VALUE": "2812",
    "DISTRICT_NAME": "HUYỆN BÌNH XUYÊN",
    "PROVINCE_ID": 10
  },
  {
    "DISTRICT_ID": 121,
    "DISTRICT_VALUE": "2838",
    "DISTRICT_NAME": "HUYỆN SÔNG LÔ",
    "PROVINCE_ID": 10
  },
  {
    "DISTRICT_ID": 122,
    "DISTRICT_VALUE": "2834",
    "DISTRICT_NAME": "THÀNH PHỐ PHÚC YÊN",
    "PROVINCE_ID": 10
  },
  {
    "DISTRICT_ID": 123,
    "DISTRICT_VALUE": "2810",
    "DISTRICT_NAME": "THÀNH PHỐ VĨNH YÊN",
    "PROVINCE_ID": 10
  },
  {
    "DISTRICT_ID": 124,
    "DISTRICT_VALUE": "2836",
    "DISTRICT_NAME": "HUỴÊN TAM ĐẢO",
    "PROVINCE_ID": 10
  },
  {
    "DISTRICT_ID": 125,
    "DISTRICT_VALUE": "2823",
    "DISTRICT_NAME": "HUYỆN VĨNH TƯỜNG",
    "PROVINCE_ID": 10
  },
  {
    "DISTRICT_ID": 126,
    "DISTRICT_VALUE": "2818",
    "DISTRICT_NAME": "HUYỆN LẬP THẠCH",
    "PROVINCE_ID": 10
  },
  {
    "DISTRICT_ID": 127,
    "DISTRICT_VALUE": "2235",
    "DISTRICT_NAME": "HUYỆN LƯƠNG TÀI",
    "PROVINCE_ID": 11
  },
  {
    "DISTRICT_ID": 128,
    "DISTRICT_VALUE": "2210",
    "DISTRICT_NAME": "THÀNH PHỐ BẮC NINH",
    "PROVINCE_ID": 11
  },
  {
    "DISTRICT_ID": 129,
    "DISTRICT_VALUE": "2232",
    "DISTRICT_NAME": "HUYỆN GIA BÌNH",
    "PROVINCE_ID": 11
  },
  {
    "DISTRICT_ID": 130,
    "DISTRICT_VALUE": "2224",
    "DISTRICT_NAME": "HUYỆN THUẬN THÀNH",
    "PROVINCE_ID": 11
  },
  {
    "DISTRICT_ID": 131,
    "DISTRICT_VALUE": "2228",
    "DISTRICT_NAME": "HUYỆN QUẾ VÕ",
    "PROVINCE_ID": 11
  },
  {
    "DISTRICT_ID": 132,
    "DISTRICT_VALUE": "2214",
    "DISTRICT_NAME": "HUYỆN YÊN PHONG",
    "PROVINCE_ID": 11
  },
  {
    "DISTRICT_ID": 133,
    "DISTRICT_VALUE": "2218",
    "DISTRICT_NAME": "HUYỆN TIÊN DU",
    "PROVINCE_ID": 11
  },
  {
    "DISTRICT_ID": 134,
    "DISTRICT_VALUE": "2221",
    "DISTRICT_NAME": "THỊ XÃ TỪ SƠN",
    "PROVINCE_ID": 11
  },
  {
    "DISTRICT_ID": 135,
    "DISTRICT_VALUE": "1710",
    "DISTRICT_NAME": "THÀNH PHỐ HẢI DƯƠNG",
    "PROVINCE_ID": 12
  },
  {
    "DISTRICT_ID": 136,
    "DISTRICT_VALUE": "1761",
    "DISTRICT_NAME": "HUYỆN NINH GIANG",
    "PROVINCE_ID": 12
  },
  {
    "DISTRICT_ID": 137,
    "DISTRICT_VALUE": "1765",
    "DISTRICT_NAME": "HUYỆN TỨ KỲ",
    "PROVINCE_ID": 12
  },
  {
    "DISTRICT_ID": 138,
    "DISTRICT_VALUE": "1727",
    "DISTRICT_NAME": "HUYỆN THANH HÀ ",
    "PROVINCE_ID": 12
  },
  {
    "DISTRICT_ID": 139,
    "DISTRICT_VALUE": "1747",
    "DISTRICT_NAME": "HUYỆN CẨM GIÀNG",
    "PROVINCE_ID": 12
  },
  {
    "DISTRICT_ID": 140,
    "DISTRICT_VALUE": "1758",
    "DISTRICT_NAME": "HUYỆN THANH MIỆN",
    "PROVINCE_ID": 12
  },
  {
    "DISTRICT_ID": 141,
    "DISTRICT_VALUE": "1734",
    "DISTRICT_NAME": "HUYỆN NAM SÁCH",
    "PROVINCE_ID": 12
  },
  {
    "DISTRICT_ID": 142,
    "DISTRICT_VALUE": "1738",
    "DISTRICT_NAME": "THỊ XÃ KINH MÔN",
    "PROVINCE_ID": 12
  },
  {
    "DISTRICT_ID": 143,
    "DISTRICT_VALUE": "1742",
    "DISTRICT_NAME": "THÀNH PHỐ CHÍ LINH",
    "PROVINCE_ID": 12
  },
  {
    "DISTRICT_ID": 144,
    "DISTRICT_VALUE": "1751",
    "DISTRICT_NAME": "HUYỆN BÌNH GIANG",
    "PROVINCE_ID": 12
  },
  {
    "DISTRICT_ID": 145,
    "DISTRICT_VALUE": "1754",
    "DISTRICT_NAME": "HUYỆN GIA LỘC",
    "PROVINCE_ID": 12
  },
  {
    "DISTRICT_ID": 146,
    "DISTRICT_VALUE": "1731",
    "DISTRICT_NAME": "HUYỆN KIM THÀNH ",
    "PROVINCE_ID": 12
  },
  {
    "DISTRICT_ID": 147,
    "DISTRICT_VALUE": "1616",
    "DISTRICT_NAME": "HUYỆN PHÙ CỪ",
    "PROVINCE_ID": 13
  },
  {
    "DISTRICT_ID": 148,
    "DISTRICT_VALUE": "1635",
    "DISTRICT_NAME": "HUYỆN VĂN LÂM",
    "PROVINCE_ID": 13
  },
  {
    "DISTRICT_ID": 149,
    "DISTRICT_VALUE": "1625",
    "DISTRICT_NAME": "HUYỆN KHOÁI CHÂU",
    "PROVINCE_ID": 13
  },
  {
    "DISTRICT_ID": 150,
    "DISTRICT_VALUE": "1618",
    "DISTRICT_NAME": "HUYỆN ÂN THI",
    "PROVINCE_ID": 13
  },
  {
    "DISTRICT_ID": 151,
    "DISTRICT_VALUE": "1638",
    "DISTRICT_NAME": "HUYỆN VĂN GIANG",
    "PROVINCE_ID": 13
  },
  {
    "DISTRICT_ID": 152,
    "DISTRICT_VALUE": "1632",
    "DISTRICT_NAME": "THỊ XÃ MỸ HÀO",
    "PROVINCE_ID": 13
  },
  {
    "DISTRICT_ID": 153,
    "DISTRICT_VALUE": "1622",
    "DISTRICT_NAME": "HUYỆN KIM ĐỘNG",
    "PROVINCE_ID": 13
  },
  {
    "DISTRICT_ID": 154,
    "DISTRICT_VALUE": "1613",
    "DISTRICT_NAME": "HUYỆN TIÊN LỮ ",
    "PROVINCE_ID": 13
  },
  {
    "DISTRICT_ID": 155,
    "DISTRICT_VALUE": "1629",
    "DISTRICT_NAME": "HUYỆN YÊN MỸ",
    "PROVINCE_ID": 13
  },
  {
    "DISTRICT_ID": 156,
    "DISTRICT_VALUE": "1610",
    "DISTRICT_NAME": "THÀNH PHỐ HƯNG YÊN",
    "PROVINCE_ID": 13
  },
  {
    "DISTRICT_ID": 157,
    "DISTRICT_VALUE": "4023",
    "DISTRICT_NAME": "THỊ XÃ DUY TIÊN",
    "PROVINCE_ID": 14
  },
  {
    "DISTRICT_ID": 158,
    "DISTRICT_VALUE": "4027",
    "DISTRICT_NAME": "HUYỆN KIM BẢNG",
    "PROVINCE_ID": 14
  },
  {
    "DISTRICT_ID": 159,
    "DISTRICT_VALUE": "4015",
    "DISTRICT_NAME": "HUYỆN LÝ NHÂN",
    "PROVINCE_ID": 14
  },
  {
    "DISTRICT_ID": 160,
    "DISTRICT_VALUE": "4010",
    "DISTRICT_NAME": "THÀNH PHỐ PHỦ LÝ",
    "PROVINCE_ID": 14
  },
  {
    "DISTRICT_ID": 161,
    "DISTRICT_VALUE": "4033",
    "DISTRICT_NAME": "HUYỆN THANH LIÊM",
    "PROVINCE_ID": 14
  },
  {
    "DISTRICT_ID": 162,
    "DISTRICT_VALUE": "4038",
    "DISTRICT_NAME": "HUYỆN BÌNH LỤC",
    "PROVINCE_ID": 14
  },
  {
    "DISTRICT_ID": 163,
    "DISTRICT_VALUE": "4246",
    "DISTRICT_NAME": "HUYỆN NAM TRỰC",
    "PROVINCE_ID": 15
  },
  {
    "DISTRICT_ID": 164,
    "DISTRICT_VALUE": "4251",
    "DISTRICT_NAME": "HUYỆN TRỰC NINH",
    "PROVINCE_ID": 15
  },
  {
    "DISTRICT_ID": 165,
    "DISTRICT_VALUE": "4239",
    "DISTRICT_NAME": "HUYỆN MỸ LỘC",
    "PROVINCE_ID": 15
  },
  {
    "DISTRICT_ID": 166,
    "DISTRICT_VALUE": "4278",
    "DISTRICT_NAME": "HUYỆN GIAO THỦY",
    "PROVINCE_ID": 15
  },
  {
    "DISTRICT_ID": 167,
    "DISTRICT_VALUE": "4265",
    "DISTRICT_NAME": "HUYỆN NGHĨA HƯNG",
    "PROVINCE_ID": 15
  },
  {
    "DISTRICT_ID": 168,
    "DISTRICT_VALUE": "4210",
    "DISTRICT_NAME": "THÀNH PHỐ NAM ĐỊNH",
    "PROVINCE_ID": 15
  },
  {
    "DISTRICT_ID": 169,
    "DISTRICT_VALUE": "4282",
    "DISTRICT_NAME": "HUYỆN HẢI HẬU",
    "PROVINCE_ID": 15
  },
  {
    "DISTRICT_ID": 170,
    "DISTRICT_VALUE": "4242",
    "DISTRICT_NAME": "HUYỆN VỤ BẢN",
    "PROVINCE_ID": 15
  },
  {
    "DISTRICT_ID": 171,
    "DISTRICT_VALUE": "4271",
    "DISTRICT_NAME": "HUYỆN XUÂN TRƯỜNG",
    "PROVINCE_ID": 15
  },
  {
    "DISTRICT_ID": 172,
    "DISTRICT_VALUE": "4257",
    "DISTRICT_NAME": "HUYỆN Ý YÊN",
    "PROVINCE_ID": 15
  },
  {
    "DISTRICT_ID": 173,
    "DISTRICT_VALUE": "4128",
    "DISTRICT_NAME": "HUYỆN THÁI THỤY",
    "PROVINCE_ID": 16
  },
  {
    "DISTRICT_ID": 174,
    "DISTRICT_VALUE": "4149",
    "DISTRICT_NAME": "HUYỆN VŨ THƯ",
    "PROVINCE_ID": 16
  },
  {
    "DISTRICT_ID": 175,
    "DISTRICT_VALUE": "4136",
    "DISTRICT_NAME": "HUYỆN QUỲNH PHỤ",
    "PROVINCE_ID": 16
  },
  {
    "DISTRICT_ID": 176,
    "DISTRICT_VALUE": "4142",
    "DISTRICT_NAME": "HUYỆN HƯNG HÀ",
    "PROVINCE_ID": 16
  },
  {
    "DISTRICT_ID": 178,
    "DISTRICT_VALUE": "4110",
    "DISTRICT_NAME": "THÀNH PHỐ THÁI BÌNH",
    "PROVINCE_ID": 16
  },
  {
    "DISTRICT_ID": 179,
    "DISTRICT_VALUE": "4121",
    "DISTRICT_NAME": "HUYỆN ĐÔNG HƯNG",
    "PROVINCE_ID": 16
  },
  {
    "DISTRICT_ID": 180,
    "DISTRICT_VALUE": "4162",
    "DISTRICT_NAME": "HUYỆN TIỀN HẢI",
    "PROVINCE_ID": 16
  },
  {
    "DISTRICT_ID": 181,
    "DISTRICT_VALUE": "4155",
    "DISTRICT_NAME": "HUYỆN KIẾN XƯƠNG",
    "PROVINCE_ID": 16
  },
  {
    "DISTRICT_ID": 182,
    "DISTRICT_VALUE": "4310",
    "DISTRICT_NAME": "THÀNH PHỐ NINH BÌNH",
    "PROVINCE_ID": 17
  },
  {
    "DISTRICT_ID": 183,
    "DISTRICT_VALUE": "4339",
    "DISTRICT_NAME": "HUYỆN KIM SƠN",
    "PROVINCE_ID": 17
  },
  {
    "DISTRICT_ID": 184,
    "DISTRICT_VALUE": "4326",
    "DISTRICT_NAME": "HUYỆN NHO QUAN",
    "PROVINCE_ID": 17
  },
  {
    "DISTRICT_ID": 185,
    "DISTRICT_VALUE": "4322",
    "DISTRICT_NAME": "HUYỆN GIA VIỄN",
    "PROVINCE_ID": 17
  },
  {
    "DISTRICT_ID": 186,
    "DISTRICT_VALUE": "4336",
    "DISTRICT_NAME": "HUYỆN YÊN MÔ",
    "PROVINCE_ID": 17
  },
  {
    "DISTRICT_ID": 187,
    "DISTRICT_VALUE": "4345",
    "DISTRICT_NAME": "HUYỆN YÊN KHÁNH",
    "PROVINCE_ID": 17
  },
  {
    "DISTRICT_ID": 188,
    "DISTRICT_VALUE": "4319",
    "DISTRICT_NAME": "HUYỆN HOA LƯ",
    "PROVINCE_ID": 17
  },
  {
    "DISTRICT_ID": 189,
    "DISTRICT_VALUE": "4333",
    "DISTRICT_NAME": "THÀNH PHỐ TAM ĐIỆP",
    "PROVINCE_ID": 17
  },
  {
    "DISTRICT_ID": 190,
    "DISTRICT_VALUE": "3139",
    "DISTRICT_NAME": "HUYỆN HOÀNG SU PHÌ",
    "PROVINCE_ID": 18
  },
  {
    "DISTRICT_ID": 191,
    "DISTRICT_VALUE": "3131",
    "DISTRICT_NAME": "HUYỆN QUẢN BẠ",
    "PROVINCE_ID": 18
  },
  {
    "DISTRICT_ID": 192,
    "DISTRICT_VALUE": "3134",
    "DISTRICT_NAME": "HUYỆN VỊ XUYÊN",
    "PROVINCE_ID": 18
  },
  {
    "DISTRICT_ID": 193,
    "DISTRICT_VALUE": "3112",
    "DISTRICT_NAME": "HUYỆN BẮC MÊ",
    "PROVINCE_ID": 18
  },
  {
    "DISTRICT_ID": 194,
    "DISTRICT_VALUE": "3144",
    "DISTRICT_NAME": "HUYỆN XÍN MẦN",
    "PROVINCE_ID": 18
  },
  {
    "DISTRICT_ID": 195,
    "DISTRICT_VALUE": "3148",
    "DISTRICT_NAME": "HUYỆN BẮC QUANG",
    "PROVINCE_ID": 18
  },
  {
    "DISTRICT_ID": 196,
    "DISTRICT_VALUE": "3110",
    "DISTRICT_NAME": "THÀNH PHỐ HÀ GIANG",
    "PROVINCE_ID": 18
  },
  {
    "DISTRICT_ID": 197,
    "DISTRICT_VALUE": "3126",
    "DISTRICT_NAME": "HUYỆN ĐỒNG VĂN",
    "PROVINCE_ID": 18
  },
  {
    "DISTRICT_ID": 198,
    "DISTRICT_VALUE": "3115",
    "DISTRICT_NAME": "HUYỆN YÊN MINH",
    "PROVINCE_ID": 18
  },
  {
    "DISTRICT_ID": 199,
    "DISTRICT_VALUE": "3121",
    "DISTRICT_NAME": "HUYỆN MÈO VẠC",
    "PROVINCE_ID": 18
  },
  {
    "DISTRICT_ID": 200,
    "DISTRICT_VALUE": "3152",
    "DISTRICT_NAME": "HUYỆN QUANG BÌNH",
    "PROVINCE_ID": 18
  },
  {
    "DISTRICT_ID": 201,
    "DISTRICT_VALUE": "2771",
    "DISTRICT_NAME": "HUYỆN THẠCH AN",
    "PROVINCE_ID": 19
  },
  {
    "DISTRICT_ID": 202,
    "DISTRICT_VALUE": "2722",
    "DISTRICT_NAME": "HUYỆN HẠ LANG",
    "PROVINCE_ID": 19
  },
  {
    "DISTRICT_ID": 203,
    "DISTRICT_VALUE": "2756",
    "DISTRICT_NAME": "HUYỆN NGUYÊN BÌNH",
    "PROVINCE_ID": 19
  },
  {
    "DISTRICT_ID": 204,
    "DISTRICT_VALUE": "2762",
    "DISTRICT_NAME": "HUYỆN BẢO LẠC",
    "PROVINCE_ID": 19
  },
  {
    "DISTRICT_ID": 205,
    "DISTRICT_VALUE": "2778",
    "DISTRICT_NAME": "HUYỆN PHỤC HÒA",
    "PROVINCE_ID": 19
  },
  {
    "DISTRICT_ID": 206,
    "DISTRICT_VALUE": "2727",
    "DISTRICT_NAME": "HUYỆN TRÙNG KHÁNH",
    "PROVINCE_ID": 19
  },
  {
    "DISTRICT_ID": 207,
    "DISTRICT_VALUE": "2752",
    "DISTRICT_NAME": "HUYỆN THÔNG NÔNG",
    "PROVINCE_ID": 19
  },
  {
    "DISTRICT_ID": 208,
    "DISTRICT_VALUE": "2767",
    "DISTRICT_NAME": "HUYỆN BẢO LÂM",
    "PROVINCE_ID": 19
  },
  {
    "DISTRICT_ID": 209,
    "DISTRICT_VALUE": "2710",
    "DISTRICT_NAME": "THỊ XÃ CAO BẰNG",
    "PROVINCE_ID": 19
  },
  {
    "DISTRICT_ID": 210,
    "DISTRICT_VALUE": "2746",
    "DISTRICT_NAME": "HUYỆN HÀ QUẢNG",
    "PROVINCE_ID": 19
  },
  {
    "DISTRICT_ID": 211,
    "DISTRICT_VALUE": "2734",
    "DISTRICT_NAME": "HUYỆN TRÀ LĨNH",
    "PROVINCE_ID": 19
  },
  {
    "DISTRICT_ID": 212,
    "DISTRICT_VALUE": "2738",
    "DISTRICT_NAME": "HUYỆN HÒA AN",
    "PROVINCE_ID": 19
  },
  {
    "DISTRICT_ID": 213,
    "DISTRICT_VALUE": "2715",
    "DISTRICT_NAME": "HUYỆN QUẢNG UYÊN",
    "PROVINCE_ID": 19
  },
  {
    "DISTRICT_ID": 214,
    "DISTRICT_VALUE": "3334",
    "DISTRICT_NAME": "THÀNH PHỐ LÀO CAI",
    "PROVINCE_ID": 20
  },
  {
    "DISTRICT_ID": 215,
    "DISTRICT_VALUE": "3331",
    "DISTRICT_NAME": "THỊ XÃ SA PA",
    "PROVINCE_ID": 20
  },
  {
    "DISTRICT_ID": 216,
    "DISTRICT_VALUE": "3319",
    "DISTRICT_NAME": "HUYỆN MƯỜNG KHƯƠNG",
    "PROVINCE_ID": 20
  },
  {
    "DISTRICT_ID": 217,
    "DISTRICT_VALUE": "3325",
    "DISTRICT_NAME": "HUYỆN BÁT XÁT",
    "PROVINCE_ID": 20
  },
  {
    "DISTRICT_ID": 218,
    "DISTRICT_VALUE": "3347",
    "DISTRICT_NAME": "HUYỆN VĂN BÀN",
    "PROVINCE_ID": 20
  },
  {
    "DISTRICT_ID": 432,
    "DISTRICT_VALUE": "5620",
    "DISTRICT_NAME": "HUYỆN TIÊN PHƯỚC",
    "PROVINCE_ID": 38
  },
  {
    "DISTRICT_ID": 433,
    "DISTRICT_VALUE": "5642",
    "DISTRICT_NAME": "THỊ XÃ ĐIỆN BÀN",
    "PROVINCE_ID": 38
  },
  {
    "DISTRICT_ID": 434,
    "DISTRICT_VALUE": "5630",
    "DISTRICT_NAME": "HUYỆN QUẾ SƠN",
    "PROVINCE_ID": 38
  },
  {
    "DISTRICT_ID": 435,
    "DISTRICT_VALUE": "5611",
    "DISTRICT_NAME": "HUYỆN NÔNG SƠN",
    "PROVINCE_ID": 38
  },
  {
    "DISTRICT_ID": 436,
    "DISTRICT_VALUE": "5623",
    "DISTRICT_NAME": "HUYỆN NÚI THÀNH",
    "PROVINCE_ID": 38
  },
  {
    "DISTRICT_ID": 437,
    "DISTRICT_VALUE": "5638",
    "DISTRICT_NAME": "THÀNH PHỐ HỘI AN",
    "PROVINCE_ID": 38
  },
  {
    "DISTRICT_ID": 438,
    "DISTRICT_VALUE": "5653",
    "DISTRICT_NAME": "HUYỆN NAM TRÀ MY",
    "PROVINCE_ID": 38
  },
  {
    "DISTRICT_ID": 439,
    "DISTRICT_VALUE": "5634",
    "DISTRICT_NAME": "HUYỆN HIỆP ĐỨC",
    "PROVINCE_ID": 38
  },
  {
    "DISTRICT_ID": 440,
    "DISTRICT_VALUE": "5627",
    "DISTRICT_NAME": "HUYỆN DUY XUYÊN",
    "PROVINCE_ID": 38
  },
  {
    "DISTRICT_ID": 441,
    "DISTRICT_VALUE": "5729",
    "DISTRICT_NAME": "HUYỆN NGHĨA HÀNH",
    "PROVINCE_ID": 39
  },
  {
    "DISTRICT_ID": 442,
    "DISTRICT_VALUE": "5740",
    "DISTRICT_NAME": "HUYỆN TƯ NGHĨA",
    "PROVINCE_ID": 39
  },
  {
    "DISTRICT_ID": 443,
    "DISTRICT_VALUE": "5731",
    "DISTRICT_NAME": "HUYỆN MINH LONG",
    "PROVINCE_ID": 39
  },
  {
    "DISTRICT_ID": 444,
    "DISTRICT_VALUE": "5718",
    "DISTRICT_NAME": "HUYỆN BÌNH SƠN",
    "PROVINCE_ID": 39
  },
  {
    "DISTRICT_ID": 445,
    "DISTRICT_VALUE": "5710",
    "DISTRICT_NAME": "THÀNH PHỐ QUẢNG NGÃI",
    "PROVINCE_ID": 39
  },
  {
    "DISTRICT_ID": 446,
    "DISTRICT_VALUE": "5738",
    "DISTRICT_NAME": "HUYỆN MỘ ĐỨC",
    "PROVINCE_ID": 39
  },
  {
    "DISTRICT_ID": 447,
    "DISTRICT_VALUE": "5722",
    "DISTRICT_NAME": "HUYỆN TRÀ BỒNG",
    "PROVINCE_ID": 39
  },
  {
    "DISTRICT_ID": 448,
    "DISTRICT_VALUE": "5724",
    "DISTRICT_NAME": "HUYỆN TÂY TRÀ",
    "PROVINCE_ID": 39
  },
  {
    "DISTRICT_ID": 449,
    "DISTRICT_VALUE": "5714",
    "DISTRICT_NAME": "HUYỆN LÝ SƠN",
    "PROVINCE_ID": 39
  },
  {
    "DISTRICT_ID": 450,
    "DISTRICT_VALUE": "5726",
    "DISTRICT_NAME": "HUYỆN SƠN HÀ",
    "PROVINCE_ID": 39
  },
  {
    "DISTRICT_ID": 451,
    "DISTRICT_VALUE": "5735",
    "DISTRICT_NAME": "THỊ XÃ ĐỨC PHỔ",
    "PROVINCE_ID": 39
  },
  {
    "DISTRICT_ID": 452,
    "DISTRICT_VALUE": "5715",
    "DISTRICT_NAME": "HUYỆN SƠN TỊNH",
    "PROVINCE_ID": 39
  },
  {
    "DISTRICT_ID": 453,
    "DISTRICT_VALUE": "5732",
    "DISTRICT_NAME": "HUYỆN BA TƠ",
    "PROVINCE_ID": 39
  },
  {
    "DISTRICT_ID": 454,
    "DISTRICT_VALUE": "5728",
    "DISTRICT_NAME": "HUYỆN SƠN TÂY",
    "PROVINCE_ID": 39
  },
  {
    "DISTRICT_ID": 455,
    "DISTRICT_VALUE": "5942",
    "DISTRICT_NAME": "HUYÊN TÂY SƠN",
    "PROVINCE_ID": 40
  },
  {
    "DISTRICT_ID": 456,
    "DISTRICT_VALUE": "5936",
    "DISTRICT_NAME": "HUYỆN HOÀI ÂN",
    "PROVINCE_ID": 40
  },
  {
    "DISTRICT_ID": 457,
    "DISTRICT_VALUE": "5945",
    "DISTRICT_NAME": "HUYỆN VÂN CANH",
    "PROVINCE_ID": 40
  },
  {
    "DISTRICT_ID": 458,
    "DISTRICT_VALUE": "5920",
    "DISTRICT_NAME": "THỊ XÃ AN NHƠN",
    "PROVINCE_ID": 40
  },
  {
    "DISTRICT_ID": 459,
    "DISTRICT_VALUE": "5932",
    "DISTRICT_NAME": "HUYỆN HOÀI NHƠN",
    "PROVINCE_ID": 40
  },
  {
    "DISTRICT_ID": 460,
    "DISTRICT_VALUE": "5938",
    "DISTRICT_NAME": "HUYỆN AN LÃO",
    "PROVINCE_ID": 40
  },
  {
    "DISTRICT_ID": 461,
    "DISTRICT_VALUE": "5940",
    "DISTRICT_NAME": "HUYỆN VĨNH THẠNH",
    "PROVINCE_ID": 40
  },
  {
    "DISTRICT_ID": 462,
    "DISTRICT_VALUE": "5917",
    "DISTRICT_NAME": "HUYỆN TUY PHƯỚC",
    "PROVINCE_ID": 40
  },
  {
    "DISTRICT_ID": 463,
    "DISTRICT_VALUE": "5928",
    "DISTRICT_NAME": "HUYỆN PHÙ MỸ",
    "PROVINCE_ID": 40
  },
  {
    "DISTRICT_ID": 464,
    "DISTRICT_VALUE": "5910",
    "DISTRICT_NAME": "THÀNH PHỐ QUI NHƠN",
    "PROVINCE_ID": 40
  },
  {
    "DISTRICT_ID": 465,
    "DISTRICT_VALUE": "5924",
    "DISTRICT_NAME": "HUYỆN PHÙ CÁT",
    "PROVINCE_ID": 40
  },
  {
    "DISTRICT_ID": 466,
    "DISTRICT_VALUE": "6219",
    "DISTRICT_NAME": "THỊ XÃ SÔNG CẦU",
    "PROVINCE_ID": 41
  },
  {
    "DISTRICT_ID": 467,
    "DISTRICT_VALUE": "6216",
    "DISTRICT_NAME": "HUYỆN TUY AN",
    "PROVINCE_ID": 41
  },
  {
    "DISTRICT_ID": 468,
    "DISTRICT_VALUE": "6232",
    "DISTRICT_NAME": "HUYỆN TÂY HÒA",
    "PROVINCE_ID": 41
  },
  {
    "DISTRICT_ID": 469,
    "DISTRICT_VALUE": "6230",
    "DISTRICT_NAME": "HUYỆN ĐÔNG HÒA",
    "PROVINCE_ID": 41
  },
  {
    "DISTRICT_ID": 470,
    "DISTRICT_VALUE": "6210",
    "DISTRICT_NAME": "THÀNH PHỐ TUY HÒA",
    "PROVINCE_ID": 41
  },
  {
    "DISTRICT_ID": 471,
    "DISTRICT_VALUE": "6222",
    "DISTRICT_NAME": "HUYỆN ĐỒNG XUÂN",
    "PROVINCE_ID": 41
  },
  {
    "DISTRICT_ID": 472,
    "DISTRICT_VALUE": "6234",
    "DISTRICT_NAME": "HUYỆN PHÚ HÒA",
    "PROVINCE_ID": 41
  },
  {
    "DISTRICT_ID": 473,
    "DISTRICT_VALUE": "6224",
    "DISTRICT_NAME": "HUYỆN SƠN HÒA",
    "PROVINCE_ID": 41
  },
  {
    "DISTRICT_ID": 474,
    "DISTRICT_VALUE": "6227",
    "DISTRICT_NAME": "HUYỆN SÔNG HINH",
    "PROVINCE_ID": 41
  },
  {
    "DISTRICT_ID": 475,
    "DISTRICT_VALUE": "6510",
    "DISTRICT_NAME": "THÀNH PHỐ NHA TRANG",
    "PROVINCE_ID": 42
  },
  {
    "DISTRICT_ID": 476,
    "DISTRICT_VALUE": "6529",
    "DISTRICT_NAME": "THỊ XÃ NINH HÒA",
    "PROVINCE_ID": 42
  },
  {
    "DISTRICT_ID": 477,
    "DISTRICT_VALUE": "6542",
    "DISTRICT_NAME": "HUYỆN KHÁNH SƠN",
    "PROVINCE_ID": 42
  },
  {
    "DISTRICT_ID": 478,
    "DISTRICT_VALUE": "6544",
    "DISTRICT_NAME": "THÀNH PHỐ CAM RANH",
    "PROVINCE_ID": 42
  },
  {
    "DISTRICT_ID": 479,
    "DISTRICT_VALUE": "6537",
    "DISTRICT_NAME": "HUYỆN DIÊN KHÁNH",
    "PROVINCE_ID": 42
  },
  {
    "DISTRICT_ID": 480,
    "DISTRICT_VALUE": "6540",
    "DISTRICT_NAME": "HUYỆN KHÁNH VĨNH",
    "PROVINCE_ID": 42
  },
  {
    "DISTRICT_ID": 481,
    "DISTRICT_VALUE": "6548",
    "DISTRICT_NAME": "HUYỆN TRƯỜNG SA",
    "PROVINCE_ID": 42
  },
  {
    "DISTRICT_ID": 482,
    "DISTRICT_VALUE": "6552",
    "DISTRICT_NAME": "HUYỆN CAM LÂM",
    "PROVINCE_ID": 42
  },
  {
    "DISTRICT_ID": 483,
    "DISTRICT_VALUE": "6535",
    "DISTRICT_NAME": "HUYỆN VẠN NINH",
    "PROVINCE_ID": 42
  },
  {
    "DISTRICT_ID": 484,
    "DISTRICT_VALUE": "5822",
    "DISTRICT_NAME": "HUYỆN ĐẮK HÀ",
    "PROVINCE_ID": 43
  },
  {
    "DISTRICT_ID": 485,
    "DISTRICT_VALUE": "5835",
    "DISTRICT_NAME": "HUYỆN SA THẦY",
    "PROVINCE_ID": 43
  },
  {
    "DISTRICT_ID": 486,
    "DISTRICT_VALUE": "5837",
    "DISTRICT_NAME": "HUYỆN TU MƠ RÔNG",
    "PROVINCE_ID": 43
  },
  {
    "DISTRICT_ID": 487,
    "DISTRICT_VALUE": "5820",
    "DISTRICT_NAME": "HUYỆN KON PLÔNG",
    "PROVINCE_ID": 43
  },
  {
    "DISTRICT_ID": 488,
    "DISTRICT_VALUE": "5810",
    "DISTRICT_NAME": "THÀNH PHỐ KON TUM",
    "PROVINCE_ID": 43
  },
  {
    "DISTRICT_ID": 489,
    "DISTRICT_VALUE": "5825",
    "DISTRICT_NAME": "HUYỆN ĐẮK TÔ",
    "PROVINCE_ID": 43
  },
  {
    "DISTRICT_ID": 490,
    "DISTRICT_VALUE": "5830",
    "DISTRICT_NAME": "HUYỆN NGỌC HỒI",
    "PROVINCE_ID": 43
  },
  {
    "DISTRICT_ID": 491,
    "DISTRICT_VALUE": "5818",
    "DISTRICT_NAME": "HUYỆN KON RẪY",
    "PROVINCE_ID": 43
  },
  {
    "DISTRICT_ID": 492,
    "DISTRICT_VALUE": "5832",
    "DISTRICT_NAME": "HUYỆN ĐẮK GLEI",
    "PROVINCE_ID": 43
  },
  {
    "DISTRICT_ID": 493,
    "DISTRICT_VALUE": "5838",
    "DISTRICT_NAME": "HUYỆN IA H\u0027DRAI",
    "PROVINCE_ID": 43
  },
  {
    "DISTRICT_ID": 494,
    "DISTRICT_VALUE": "6042",
    "DISTRICT_NAME": "HUYỆN CHƯ PRÔNG",
    "PROVINCE_ID": 44
  },
  {
    "DISTRICT_ID": 495,
    "DISTRICT_VALUE": "6060",
    "DISTRICT_NAME": "HUYỆN KRÔNG PA",
    "PROVINCE_ID": 44
  },
  {
    "DISTRICT_ID": 496,
    "DISTRICT_VALUE": "6069",
    "DISTRICT_NAME": "HUYỆN PHÚ THIỆN",
    "PROVINCE_ID": 44
  },
  {
    "DISTRICT_ID": 497,
    "DISTRICT_VALUE": "6010",
    "DISTRICT_NAME": "THÀNH PHỐ PLEIKU",
    "PROVINCE_ID": 44
  },
  {
    "DISTRICT_ID": 498,
    "DISTRICT_VALUE": "6017",
    "DISTRICT_NAME": "HUYỆN ĐĂK ĐOA",
    "PROVINCE_ID": 44
  },
  {
    "DISTRICT_ID": 499,
    "DISTRICT_VALUE": "6064",
    "DISTRICT_NAME": "HUYỆN ĐĂK PƠ",
    "PROVINCE_ID": 44
  },
  {
    "DISTRICT_ID": 500,
    "DISTRICT_VALUE": "6034",
    "DISTRICT_NAME": "HUYỆN IA GRAI",
    "PROVINCE_ID": 44
  },
  {
    "DISTRICT_ID": 501,
    "DISTRICT_VALUE": "6038",
    "DISTRICT_NAME": "HUYỆN ĐỨC CƠ",
    "PROVINCE_ID": 44
  },
  {
    "DISTRICT_ID": 502,
    "DISTRICT_VALUE": "6047",
    "DISTRICT_NAME": "HUYỆN CHƯ SÊ",
    "PROVINCE_ID": 44
  },
  {
    "DISTRICT_ID": 503,
    "DISTRICT_VALUE": "6026",
    "DISTRICT_NAME": "HUYỆN KBANG",
    "PROVINCE_ID": 44
  },
  {
    "DISTRICT_ID": 504,
    "DISTRICT_VALUE": "6057",
    "DISTRICT_NAME": "HUYỆN KÔNG CHRO",
    "PROVINCE_ID": 44
  },
  {
    "DISTRICT_ID": 505,
    "DISTRICT_VALUE": "6021",
    "DISTRICT_NAME": "HUYỆN MANG YANG",
    "PROVINCE_ID": 44
  },
  {
    "DISTRICT_ID": 506,
    "DISTRICT_VALUE": "6030",
    "DISTRICT_NAME": "HUYỆN CHƯ PĂH",
    "PROVINCE_ID": 44
  },
  {
    "DISTRICT_ID": 507,
    "DISTRICT_VALUE": "6066",
    "DISTRICT_NAME": "HUYỆN IA PA",
    "PROVINCE_ID": 44
  },
  {
    "DISTRICT_ID": 508,
    "DISTRICT_VALUE": "6067",
    "DISTRICT_NAME": "HUYỆN CHƯ PƯH",
    "PROVINCE_ID": 44
  },
  {
    "DISTRICT_ID": 509,
    "DISTRICT_VALUE": "6024",
    "DISTRICT_NAME": "THỊ XÃ AN KHÊ",
    "PROVINCE_ID": 44
  },
  {
    "DISTRICT_ID": 510,
    "DISTRICT_VALUE": "6053",
    "DISTRICT_NAME": "THỊ XÃ AYUN PA",
    "PROVINCE_ID": 44
  },
  {
    "DISTRICT_ID": 511,
    "DISTRICT_VALUE": "6347",
    "DISTRICT_NAME": "HUYỆN KRÔNG BÚK",
    "PROVINCE_ID": 45
  },
  {
    "DISTRICT_ID": 512,
    "DISTRICT_VALUE": "6352",
    "DISTRICT_NAME": "HUYỆN KRÔNG NĂNG",
    "PROVINCE_ID": 45
  },
  {
    "DISTRICT_ID": 513,
    "DISTRICT_VALUE": "6390",
    "DISTRICT_NAME": "THỊ XÃ BUÔN HỒ",
    "PROVINCE_ID": 45
  },
  {
    "DISTRICT_ID": 514,
    "DISTRICT_VALUE": "6334",
    "DISTRICT_NAME": "HUYỆN EA KAR",
    "PROVINCE_ID": 45
  },
  {
    "DISTRICT_ID": 515,
    "DISTRICT_VALUE": "6310",
    "DISTRICT_NAME": "THÀNH PHỐ BUÔN MA THUỘT",
    "PROVINCE_ID": 45
  },
  {
    "DISTRICT_ID": 516,
    "DISTRICT_VALUE": "6366",
    "DISTRICT_NAME": "HUYỆN KRÔNG A NA",
    "PROVINCE_ID": 45
  },
  {
    "DISTRICT_ID": 517,
    "DISTRICT_VALUE": "6374",
    "DISTRICT_NAME": "HUYỆN LẮK",
    "PROVINCE_ID": 45
  },
  {
    "DISTRICT_ID": 518,
    "DISTRICT_VALUE": "6343",
    "DISTRICT_NAME": "HUYỆN CƯ M\u0027GAR",
    "PROVINCE_ID": 45
  },
  {
    "DISTRICT_ID": 519,
    "DISTRICT_VALUE": "6360",
    "DISTRICT_NAME": "HUYỆN BUÔN ĐÔN",
    "PROVINCE_ID": 45
  },
  {
    "DISTRICT_ID": 520,
    "DISTRICT_VALUE": "6363",
    "DISTRICT_NAME": "HUYỆN EA SÚP",
    "PROVINCE_ID": 45
  },
  {
    "DISTRICT_ID": 521,
    "DISTRICT_VALUE": "6370",
    "DISTRICT_NAME": "HUYỆN KRÔNG BÔNG",
    "PROVINCE_ID": 45
  },
  {
    "DISTRICT_ID": 522,
    "DISTRICT_VALUE": "6339",
    "DISTRICT_NAME": "HUYỆN M\u0027ĐRẮK",
    "PROVINCE_ID": 45
  },
  {
    "DISTRICT_ID": 523,
    "DISTRICT_VALUE": "6356",
    "DISTRICT_NAME": "HUYỆN EA H\u0027LEO",
    "PROVINCE_ID": 45
  },
  {
    "DISTRICT_ID": 524,
    "DISTRICT_VALUE": "6380",
    "DISTRICT_NAME": "HUYỆN CƯ KUIN",
    "PROVINCE_ID": 45
  },
  {
    "DISTRICT_ID": 525,
    "DISTRICT_VALUE": "6327",
    "DISTRICT_NAME": "HUYỆN KRÔNG PẮK",
    "PROVINCE_ID": 45
  },
  {
    "DISTRICT_ID": 526,
    "DISTRICT_VALUE": "6727",
    "DISTRICT_NAME": "HUYỆN LẠC DƯƠNG",
    "PROVINCE_ID": 46
  },
  {
    "DISTRICT_ID": 527,
    "DISTRICT_VALUE": "6743",
    "DISTRICT_NAME": "HUYỆN BẢO LÂM",
    "PROVINCE_ID": 46
  },
  {
    "DISTRICT_ID": 528,
    "DISTRICT_VALUE": "6755",
    "DISTRICT_NAME": "HUYỆN CÁT TIÊN",
    "PROVINCE_ID": 46
  },
  {
    "DISTRICT_ID": 529,
    "DISTRICT_VALUE": "6737",
    "DISTRICT_NAME": "HUYỆN DI LINH",
    "PROVINCE_ID": 46
  },
  {
    "DISTRICT_ID": 530,
    "DISTRICT_VALUE": "6758",
    "DISTRICT_NAME": "HUYỆN ĐẠ HUOAI",
    "PROVINCE_ID": 46
  },
  {
    "DISTRICT_ID": 531,
    "DISTRICT_VALUE": "6728",
    "DISTRICT_NAME": "HUYỆN LÂM HÀ",
    "PROVINCE_ID": 46
  },
  {
    "DISTRICT_ID": 532,
    "DISTRICT_VALUE": "6710",
    "DISTRICT_NAME": "THÀNH PHỐ ĐÀ LẠT",
    "PROVINCE_ID": 46
  },
  {
    "DISTRICT_ID": 533,
    "DISTRICT_VALUE": "6752",
    "DISTRICT_NAME": "HUYỆN ĐẠ TẺH",
    "PROVINCE_ID": 46
  },
  {
    "DISTRICT_ID": 534,
    "DISTRICT_VALUE": "6760",
    "DISTRICT_NAME": "HUYỆN ĐAM RÔNG",
    "PROVINCE_ID": 46
  },
  {
    "DISTRICT_ID": 535,
    "DISTRICT_VALUE": "6747",
    "DISTRICT_NAME": "THÀNH PHỐ BẢO LỘC",
    "PROVINCE_ID": 46
  },
  {
    "DISTRICT_ID": 536,
    "DISTRICT_VALUE": "6725",
    "DISTRICT_NAME": "HUYỆN ĐƠN DƯƠNG",
    "PROVINCE_ID": 46
  },
  {
    "DISTRICT_ID": 537,
    "DISTRICT_VALUE": "6733",
    "DISTRICT_NAME": "HUYỆN ĐỨC TRỌNG",
    "PROVINCE_ID": 46
  },
  {
    "DISTRICT_ID": 219,
    "DISTRICT_VALUE": "3310",
    "DISTRICT_NAME": "HUYỆN BẮC HÀ",
    "PROVINCE_ID": 20
  },
  {
    "DISTRICT_ID": 220,
    "DISTRICT_VALUE": "3316",
    "DISTRICT_NAME": "HUYỆN SI MA CAI",
    "PROVINCE_ID": 20
  },
  {
    "DISTRICT_ID": 221,
    "DISTRICT_VALUE": "3353",
    "DISTRICT_NAME": "HUYỆN BẢO YÊN",
    "PROVINCE_ID": 20
  },
  {
    "DISTRICT_ID": 222,
    "DISTRICT_VALUE": "3341",
    "DISTRICT_NAME": "HUYỆN BẢO THẮNG",
    "PROVINCE_ID": 20
  },
  {
    "DISTRICT_ID": 223,
    "DISTRICT_VALUE": "2638",
    "DISTRICT_NAME": "HUYỆN CHỢ MỚI",
    "PROVINCE_ID": 21
  },
  {
    "DISTRICT_ID": 224,
    "DISTRICT_VALUE": "2632",
    "DISTRICT_NAME": "HUYỆN CHỢ ĐỒN",
    "PROVINCE_ID": 21
  },
  {
    "DISTRICT_ID": 225,
    "DISTRICT_VALUE": "2623",
    "DISTRICT_NAME": "HUYỆN NGÂN SƠN",
    "PROVINCE_ID": 21
  },
  {
    "DISTRICT_ID": 226,
    "DISTRICT_VALUE": "2610",
    "DISTRICT_NAME": "THÀNH PHỐ BẮC KẠN",
    "PROVINCE_ID": 21
  },
  {
    "DISTRICT_ID": 227,
    "DISTRICT_VALUE": "2613",
    "DISTRICT_NAME": "HUYỆN NA RÌ",
    "PROVINCE_ID": 21
  },
  {
    "DISTRICT_ID": 228,
    "DISTRICT_VALUE": "2619",
    "DISTRICT_NAME": "HUYỆN BẠCH THÔNG",
    "PROVINCE_ID": 21
  },
  {
    "DISTRICT_ID": 229,
    "DISTRICT_VALUE": "2627",
    "DISTRICT_NAME": "HUYỆN BA BỂ",
    "PROVINCE_ID": 21
  },
  {
    "DISTRICT_ID": 230,
    "DISTRICT_VALUE": "2643",
    "DISTRICT_NAME": "HUYỆN PẮC NẶM",
    "PROVINCE_ID": 21
  },
  {
    "DISTRICT_ID": 231,
    "DISTRICT_VALUE": "2439",
    "DISTRICT_NAME": "HUYỆN VĂN QUAN",
    "PROVINCE_ID": 22
  },
  {
    "DISTRICT_ID": 232,
    "DISTRICT_VALUE": "2461",
    "DISTRICT_NAME": "HUYỆN HỮU LŨNG",
    "PROVINCE_ID": 22
  },
  {
    "DISTRICT_ID": 233,
    "DISTRICT_VALUE": "2456",
    "DISTRICT_NAME": "HUYỆN CHI LĂNG",
    "PROVINCE_ID": 22
  },
  {
    "DISTRICT_ID": 234,
    "DISTRICT_VALUE": "2450",
    "DISTRICT_NAME": "HUYỆN BẮC SƠN",
    "PROVINCE_ID": 22
  },
  {
    "DISTRICT_ID": 235,
    "DISTRICT_VALUE": "2425",
    "DISTRICT_NAME": "HUYỆN VĂN LÃNG",
    "PROVINCE_ID": 22
  },
  {
    "DISTRICT_ID": 236,
    "DISTRICT_VALUE": "2468",
    "DISTRICT_NAME": "HUYỆN LỘC BÌNH",
    "PROVINCE_ID": 22
  },
  {
    "DISTRICT_ID": 237,
    "DISTRICT_VALUE": "2418",
    "DISTRICT_NAME": "HUYỆN CAO LỘC",
    "PROVINCE_ID": 22
  },
  {
    "DISTRICT_ID": 238,
    "DISTRICT_VALUE": "2475",
    "DISTRICT_NAME": "HUYỆN ĐÌNH LẬP",
    "PROVINCE_ID": 22
  },
  {
    "DISTRICT_ID": 239,
    "DISTRICT_VALUE": "2445",
    "DISTRICT_NAME": "HUYỆN BÌNH GIA",
    "PROVINCE_ID": 22
  },
  {
    "DISTRICT_ID": 240,
    "DISTRICT_VALUE": "2410",
    "DISTRICT_NAME": "THÀNH PHỐ LẠNG SƠN",
    "PROVINCE_ID": 22
  },
  {
    "DISTRICT_ID": 241,
    "DISTRICT_VALUE": "2431",
    "DISTRICT_NAME": "HUYỆN TRÀNG ĐỊNH",
    "PROVINCE_ID": 22
  },
  {
    "DISTRICT_ID": 242,
    "DISTRICT_VALUE": "3010",
    "DISTRICT_NAME": "THÀNH PHỐ TUYÊN QUANG",
    "PROVINCE_ID": 23
  },
  {
    "DISTRICT_ID": 243,
    "DISTRICT_VALUE": "3015",
    "DISTRICT_NAME": "HUYỆN YÊN SƠN",
    "PROVINCE_ID": 23
  },
  {
    "DISTRICT_ID": 244,
    "DISTRICT_VALUE": "3028",
    "DISTRICT_NAME": "HUYỆN SƠN DƯƠNG",
    "PROVINCE_ID": 23
  },
  {
    "DISTRICT_ID": 245,
    "DISTRICT_VALUE": "3038",
    "DISTRICT_NAME": "HUYỆN CHIÊM HÓA",
    "PROVINCE_ID": 23
  },
  {
    "DISTRICT_ID": 246,
    "DISTRICT_VALUE": "3048",
    "DISTRICT_NAME": "HUYỆN NA HANG",
    "PROVINCE_ID": 23
  },
  {
    "DISTRICT_ID": 247,
    "DISTRICT_VALUE": "3056",
    "DISTRICT_NAME": "HUYỆN LÂM BÌNH",
    "PROVINCE_ID": 23
  },
  {
    "DISTRICT_ID": 248,
    "DISTRICT_VALUE": "3055",
    "DISTRICT_NAME": "HUYỆN HÀM YÊN",
    "PROVINCE_ID": 23
  },
  {
    "DISTRICT_ID": 249,
    "DISTRICT_VALUE": "3247",
    "DISTRICT_NAME": "HUYỆN VĂN CHẤN",
    "PROVINCE_ID": 24
  },
  {
    "DISTRICT_ID": 250,
    "DISTRICT_VALUE": "3240",
    "DISTRICT_NAME": "HUYỆN VĂN YÊN",
    "PROVINCE_ID": 24
  },
  {
    "DISTRICT_ID": 251,
    "DISTRICT_VALUE": "3219",
    "DISTRICT_NAME": "HUYỆN YÊN BÌNH",
    "PROVINCE_ID": 24
  },
  {
    "DISTRICT_ID": 252,
    "DISTRICT_VALUE": "3259",
    "DISTRICT_NAME": "HUYỆN TRẠM TẤU",
    "PROVINCE_ID": 24
  },
  {
    "DISTRICT_ID": 253,
    "DISTRICT_VALUE": "3226",
    "DISTRICT_NAME": "HUYỆN LỤC YÊN",
    "PROVINCE_ID": 24
  },
  {
    "DISTRICT_ID": 254,
    "DISTRICT_VALUE": "3256",
    "DISTRICT_NAME": "THỊ XÃ NGHĨA LỘ",
    "PROVINCE_ID": 24
  },
  {
    "DISTRICT_ID": 255,
    "DISTRICT_VALUE": "3261",
    "DISTRICT_NAME": "HUYỆN MÙ CĂNG CHẢI",
    "PROVINCE_ID": 24
  },
  {
    "DISTRICT_ID": 256,
    "DISTRICT_VALUE": "3233",
    "DISTRICT_NAME": "HUYỆN TRẤN YÊN",
    "PROVINCE_ID": 24
  },
  {
    "DISTRICT_ID": 257,
    "DISTRICT_VALUE": "3210",
    "DISTRICT_NAME": "THÀNH PHỐ YÊN BÁI",
    "PROVINCE_ID": 24
  },
  {
    "DISTRICT_ID": 258,
    "DISTRICT_VALUE": "2568",
    "DISTRICT_NAME": "THỊ XÃ PHỔ YÊN",
    "PROVINCE_ID": 25
  },
  {
    "DISTRICT_ID": 259,
    "DISTRICT_VALUE": "2538",
    "DISTRICT_NAME": "HUYỆN PHÚ LƯƠNG ",
    "PROVINCE_ID": 25
  },
  {
    "DISTRICT_ID": 260,
    "DISTRICT_VALUE": "2532",
    "DISTRICT_NAME": "HUYỆN VÕ NHAI",
    "PROVINCE_ID": 25
  },
  {
    "DISTRICT_ID": 261,
    "DISTRICT_VALUE": "2510",
    "DISTRICT_NAME": "THÀNH PHỐ THÁI NGUYÊN",
    "PROVINCE_ID": 25
  },
  {
    "DISTRICT_ID": 262,
    "DISTRICT_VALUE": "2575",
    "DISTRICT_NAME": "HUYỆN PHÚ BÌNH",
    "PROVINCE_ID": 25
  },
  {
    "DISTRICT_ID": 263,
    "DISTRICT_VALUE": "2525",
    "DISTRICT_NAME": "HUYỆN ĐỒNG HỶ",
    "PROVINCE_ID": 25
  },
  {
    "DISTRICT_ID": 264,
    "DISTRICT_VALUE": "2553",
    "DISTRICT_NAME": " HUYỆN ĐẠI TỪ",
    "PROVINCE_ID": 25
  },
  {
    "DISTRICT_ID": 265,
    "DISTRICT_VALUE": "2544",
    "DISTRICT_NAME": "HUYỆN ĐỊNH HÓA",
    "PROVINCE_ID": 25
  },
  {
    "DISTRICT_ID": 266,
    "DISTRICT_VALUE": "2564",
    "DISTRICT_NAME": "THÀNH PHỐ SÔNG CÔNG",
    "PROVINCE_ID": 25
  },
  {
    "DISTRICT_ID": 267,
    "DISTRICT_VALUE": "2935",
    "DISTRICT_NAME": "THI XÃ PHÚ THỌ",
    "PROVINCE_ID": 26
  },
  {
    "DISTRICT_ID": 268,
    "DISTRICT_VALUE": "2956",
    "DISTRICT_NAME": "HUYỆN THANH BA",
    "PROVINCE_ID": 26
  },
  {
    "DISTRICT_ID": 269,
    "DISTRICT_VALUE": "2910",
    "DISTRICT_NAME": "THÀNH PHỐ VIỆT TRÌ",
    "PROVINCE_ID": 26
  },
  {
    "DISTRICT_ID": 270,
    "DISTRICT_VALUE": "2949",
    "DISTRICT_NAME": "HUYỆN ĐOAN HÙNG",
    "PROVINCE_ID": 26
  },
  {
    "DISTRICT_ID": 271,
    "DISTRICT_VALUE": "2945",
    "DISTRICT_NAME": "HUYỆN THANH THỦY",
    "PROVINCE_ID": 26
  },
  {
    "DISTRICT_ID": 272,
    "DISTRICT_VALUE": "2982",
    "DISTRICT_NAME": "HUYỆN THANH SƠN",
    "PROVINCE_ID": 26
  },
  {
    "DISTRICT_ID": 273,
    "DISTRICT_VALUE": "2994",
    "DISTRICT_NAME": "HUYỆN TÂN SƠN",
    "PROVINCE_ID": 26
  },
  {
    "DISTRICT_ID": 274,
    "DISTRICT_VALUE": "2976",
    "DISTRICT_NAME": "HUYỆN YÊN LẬP",
    "PROVINCE_ID": 26
  },
  {
    "DISTRICT_ID": 275,
    "DISTRICT_VALUE": "2970",
    "DISTRICT_NAME": "HUYỆN CẨM KHÊ",
    "PROVINCE_ID": 26
  },
  {
    "DISTRICT_ID": 276,
    "DISTRICT_VALUE": "2940",
    "DISTRICT_NAME": "HUYỆN TAM NÔNG",
    "PROVINCE_ID": 26
  },
  {
    "DISTRICT_ID": 277,
    "DISTRICT_VALUE": "2929",
    "DISTRICT_NAME": "HUYỆN LÂM THAO",
    "PROVINCE_ID": 26
  },
  {
    "DISTRICT_ID": 278,
    "DISTRICT_VALUE": "2962",
    "DISTRICT_NAME": "HUYỆN HẠ HÒA",
    "PROVINCE_ID": 26
  },
  {
    "DISTRICT_ID": 279,
    "DISTRICT_VALUE": "2923",
    "DISTRICT_NAME": "HUYỆN PHÙ NINH",
    "PROVINCE_ID": 26
  },
  {
    "DISTRICT_ID": 280,
    "DISTRICT_VALUE": "2310",
    "DISTRICT_NAME": "THÀNH PHỐ BẮC GIANG",
    "PROVINCE_ID": 27
  },
  {
    "DISTRICT_ID": 281,
    "DISTRICT_VALUE": "2366",
    "DISTRICT_NAME": "HUYỆN HIỆP HÒA",
    "PROVINCE_ID": 27
  },
  {
    "DISTRICT_ID": 282,
    "DISTRICT_VALUE": "2361",
    "DISTRICT_NAME": "HUYỆN VIỆT YÊN",
    "PROVINCE_ID": 27
  },
  {
    "DISTRICT_ID": 283,
    "DISTRICT_VALUE": "2347",
    "DISTRICT_NAME": "HUYỆN YÊN THẾ",
    "PROVINCE_ID": 27
  },
  {
    "DISTRICT_ID": 284,
    "DISTRICT_VALUE": "2330",
    "DISTRICT_NAME": "HUYỆN LỤC NGẠN",
    "PROVINCE_ID": 27
  },
  {
    "DISTRICT_ID": 285,
    "DISTRICT_VALUE": "2340",
    "DISTRICT_NAME": "HUYỆN LẠNG GIANG",
    "PROVINCE_ID": 27
  },
  {
    "DISTRICT_ID": 286,
    "DISTRICT_VALUE": "2353",
    "DISTRICT_NAME": "HUYỆN TÂN YÊN",
    "PROVINCE_ID": 27
  },
  {
    "DISTRICT_ID": 287,
    "DISTRICT_VALUE": "2318",
    "DISTRICT_NAME": "HUYỆN LỤC NAM",
    "PROVINCE_ID": 27
  },
  {
    "DISTRICT_ID": 288,
    "DISTRICT_VALUE": "2325",
    "DISTRICT_NAME": "HUYỆN SƠN ĐỘNG",
    "PROVINCE_ID": 27
  },
  {
    "DISTRICT_ID": 289,
    "DISTRICT_VALUE": "2372",
    "DISTRICT_NAME": "HUYỆN YÊN DŨNG",
    "PROVINCE_ID": 27
  },
  {
    "DISTRICT_ID": 290,
    "DISTRICT_VALUE": "2056",
    "DISTRICT_NAME": "HUYỆN TIÊN YÊN",
    "PROVINCE_ID": 28
  },
  {
    "DISTRICT_ID": 291,
    "DISTRICT_VALUE": "2079",
    "DISTRICT_NAME": "THÀNH PHỐ UÔNG BÍ",
    "PROVINCE_ID": 28
  },
  {
    "DISTRICT_ID": 292,
    "DISTRICT_VALUE": "2075",
    "DISTRICT_NAME": "THỊ XÃ QUẢNG YÊN",
    "PROVINCE_ID": 28
  },
  {
    "DISTRICT_ID": 293,
    "DISTRICT_VALUE": "2086",
    "DISTRICT_NAME": "THỊ XÃ ĐÔNG TRIỀU",
    "PROVINCE_ID": 28
  },
  {
    "DISTRICT_ID": 294,
    "DISTRICT_VALUE": "2059",
    "DISTRICT_NAME": "HUYỆN BA CHẼ",
    "PROVINCE_ID": 28
  },
  {
    "DISTRICT_ID": 295,
    "DISTRICT_VALUE": "2061",
    "DISTRICT_NAME": "HUYỆN BÌNH LIÊU",
    "PROVINCE_ID": 28
  },
  {
    "DISTRICT_ID": 296,
    "DISTRICT_VALUE": "2063",
    "DISTRICT_NAME": "HUYỆN ĐẦM HÀ",
    "PROVINCE_ID": 28
  },
  {
    "DISTRICT_ID": 297,
    "DISTRICT_VALUE": "2053",
    "DISTRICT_NAME": "HUYỆN VÂN ĐỒN",
    "PROVINCE_ID": 28
  },
  {
    "DISTRICT_ID": 298,
    "DISTRICT_VALUE": "2032",
    "DISTRICT_NAME": "THÀNH PHỐ CẨM PHẢ",
    "PROVINCE_ID": 28
  },
  {
    "DISTRICT_ID": 299,
    "DISTRICT_VALUE": "2055",
    "DISTRICT_NAME": "HUYỆN CÔ TÔ",
    "PROVINCE_ID": 28
  },
  {
    "DISTRICT_ID": 300,
    "DISTRICT_VALUE": "2068",
    "DISTRICT_NAME": "THÀNH PHỐ MÓNG CÁI",
    "PROVINCE_ID": 28
  },
  {
    "DISTRICT_ID": 301,
    "DISTRICT_VALUE": "2065",
    "DISTRICT_NAME": "HUYỆN HẢI HÀ",
    "PROVINCE_ID": 28
  },
  {
    "DISTRICT_ID": 302,
    "DISTRICT_VALUE": "2010",
    "DISTRICT_NAME": "THÀNH PHỐ HẠ LONG",
    "PROVINCE_ID": 28
  },
  {
    "DISTRICT_ID": 303,
    "DISTRICT_VALUE": "2072",
    "DISTRICT_NAME": "HUYỆN HOÀNH BỒ",
    "PROVINCE_ID": 28
  },
  {
    "DISTRICT_ID": 304,
    "DISTRICT_VALUE": "3911",
    "DISTRICT_NAME": "HUYỆN TAM ĐƯỜNG",
    "PROVINCE_ID": 29
  },
  {
    "DISTRICT_ID": 305,
    "DISTRICT_VALUE": "3915",
    "DISTRICT_NAME": "HUYỆN PHONG THỔ",
    "PROVINCE_ID": 29
  },
  {
    "DISTRICT_ID": 306,
    "DISTRICT_VALUE": "3923",
    "DISTRICT_NAME": "HUYỆN SÌN HỒ",
    "PROVINCE_ID": 29
  },
  {
    "DISTRICT_ID": 307,
    "DISTRICT_VALUE": "3929",
    "DISTRICT_NAME": "HUYỆN THAN UYÊN",
    "PROVINCE_ID": 29
  },
  {
    "DISTRICT_ID": 308,
    "DISTRICT_VALUE": "3919",
    "DISTRICT_NAME": "HUYỆN MƯỜNG TÈ",
    "PROVINCE_ID": 29
  },
  {
    "DISTRICT_ID": 309,
    "DISTRICT_VALUE": "3940",
    "DISTRICT_NAME": "HUYỆN TÂN UYÊN",
    "PROVINCE_ID": 29
  },
  {
    "DISTRICT_ID": 310,
    "DISTRICT_VALUE": "3924",
    "DISTRICT_NAME": "HUYỆN NẬM NHÙN",
    "PROVINCE_ID": 29
  },
  {
    "DISTRICT_ID": 311,
    "DISTRICT_VALUE": "3910",
    "DISTRICT_NAME": "THÀNH PHỐ LAI CHÂU",
    "PROVINCE_ID": 29
  },
  {
    "DISTRICT_ID": 312,
    "DISTRICT_VALUE": "3653",
    "DISTRICT_NAME": "HUYỆN QUỲNH NHAI",
    "PROVINCE_ID": 30
  },
  {
    "DISTRICT_ID": 313,
    "DISTRICT_VALUE": "3647",
    "DISTRICT_NAME": "HUYỆN MƯỜNG LA",
    "PROVINCE_ID": 30
  },
  {
    "DISTRICT_ID": 314,
    "DISTRICT_VALUE": "3668",
    "DISTRICT_NAME": "HUYỆN SÔNG MÃ",
    "PROVINCE_ID": 30
  },
  {
    "DISTRICT_ID": 315,
    "DISTRICT_VALUE": "3610",
    "DISTRICT_NAME": "THÀNH PHỐ SƠN LA",
    "PROVINCE_ID": 30
  },
  {
    "DISTRICT_ID": 316,
    "DISTRICT_VALUE": "3615",
    "DISTRICT_NAME": "HUYỆN MAI SƠN",
    "PROVINCE_ID": 30
  },
  {
    "DISTRICT_ID": 317,
    "DISTRICT_VALUE": "3636",
    "DISTRICT_NAME": "HUYỆN PHÙ YÊN",
    "PROVINCE_ID": 30
  },
  {
    "DISTRICT_ID": 318,
    "DISTRICT_VALUE": "3657",
    "DISTRICT_NAME": "HUYỆN THUẬN CHÂU",
    "PROVINCE_ID": 30
  },
  {
    "DISTRICT_ID": 319,
    "DISTRICT_VALUE": "3628",
    "DISTRICT_NAME": "HUYỆN MỘC CHÂU",
    "PROVINCE_ID": 30
  },
  {
    "DISTRICT_ID": 320,
    "DISTRICT_VALUE": "3624",
    "DISTRICT_NAME": "HUYỆN YÊN CHÂU",
    "PROVINCE_ID": 30
  },
  {
    "DISTRICT_ID": 321,
    "DISTRICT_VALUE": "3611",
    "DISTRICT_NAME": "HUYỆN VÂN HỒ",
    "PROVINCE_ID": 30
  },
  {
    "DISTRICT_ID": 322,
    "DISTRICT_VALUE": "3643",
    "DISTRICT_NAME": "HUYỆN BẮC YÊN",
    "PROVINCE_ID": 30
  },
  {
    "DISTRICT_ID": 323,
    "DISTRICT_VALUE": "3677",
    "DISTRICT_NAME": "HUYỆN SỐP CỘP",
    "PROVINCE_ID": 30
  },
  {
    "DISTRICT_ID": 324,
    "DISTRICT_VALUE": "3515",
    "DISTRICT_NAME": "HUYỆN KỲ SƠN",
    "PROVINCE_ID": 31
  },
  {
    "DISTRICT_ID": 325,
    "DISTRICT_VALUE": "3558",
    "DISTRICT_NAME": "HUYỆN LẠC THỦY",
    "PROVINCE_ID": 31
  },
  {
    "DISTRICT_ID": 326,
    "DISTRICT_VALUE": "3551",
    "DISTRICT_NAME": "HUYỆN KIM BÔI",
    "PROVINCE_ID": 31
  },
  {
    "DISTRICT_ID": 327,
    "DISTRICT_VALUE": "3527",
    "DISTRICT_NAME": "HUYỆN TÂN LẠC",
    "PROVINCE_ID": 31
  },
  {
    "DISTRICT_ID": 328,
    "DISTRICT_VALUE": "3517",
    "DISTRICT_NAME": "HUYỆN LƯƠNG SƠN",
    "PROVINCE_ID": 31
  },
  {
    "DISTRICT_ID": 329,
    "DISTRICT_VALUE": "3548",
    "DISTRICT_NAME": "HUYỆN YÊN THỦY",
    "PROVINCE_ID": 31
  },
  {
    "DISTRICT_ID": 330,
    "DISTRICT_VALUE": "3537",
    "DISTRICT_NAME": "HUYỆN CAO PHONG",
    "PROVINCE_ID": 31
  },
  {
    "DISTRICT_ID": 331,
    "DISTRICT_VALUE": "3522",
    "DISTRICT_NAME": "HUYỆN ĐÀ BẮC",
    "PROVINCE_ID": 31
  },
  {
    "DISTRICT_ID": 332,
    "DISTRICT_VALUE": "3539",
    "DISTRICT_NAME": "HUYỆN LẠC SƠN",
    "PROVINCE_ID": 31
  },
  {
    "DISTRICT_ID": 333,
    "DISTRICT_VALUE": "3510",
    "DISTRICT_NAME": "THÀNH PHỐ HÒA BÌNH",
    "PROVINCE_ID": 31
  },
  {
    "DISTRICT_ID": 334,
    "DISTRICT_VALUE": "3533",
    "DISTRICT_NAME": "HUYỆN MAI CHÂU",
    "PROVINCE_ID": 31
  },
  {
    "DISTRICT_ID": 335,
    "DISTRICT_VALUE": "4516",
    "DISTRICT_NAME": "HUYỆN NGỌC LẶC",
    "PROVINCE_ID": 32
  },
  {
    "DISTRICT_ID": 336,
    "DISTRICT_VALUE": "4422",
    "DISTRICT_NAME": "HUYỆN HOẰNG HÓA",
    "PROVINCE_ID": 32
  },
  {
    "DISTRICT_ID": 337,
    "DISTRICT_VALUE": "4529",
    "DISTRICT_NAME": "HUYỆN QUAN SƠN",
    "PROVINCE_ID": 32
  },
  {
    "DISTRICT_ID": 338,
    "DISTRICT_VALUE": "4470",
    "DISTRICT_NAME": "HUYỆN THẠCH THÀNH",
    "PROVINCE_ID": 32
  },
  {
    "DISTRICT_ID": 339,
    "DISTRICT_VALUE": "4555",
    "DISTRICT_NAME": "HUYỆN QUẢNG XƯƠNG",
    "PROVINCE_ID": 32
  },
  {
    "DISTRICT_ID": 340,
    "DISTRICT_VALUE": "4437",
    "DISTRICT_NAME": "HUYỆN NGA SƠN",
    "PROVINCE_ID": 32
  },
  {
    "DISTRICT_ID": 341,
    "DISTRICT_VALUE": "4452",
    "DISTRICT_NAME": "HUYỆN ĐÔNG SƠN",
    "PROVINCE_ID": 32
  },
  {
    "DISTRICT_ID": 342,
    "DISTRICT_VALUE": "4467",
    "DISTRICT_NAME": "HUYỆN VĨNH LỘC",
    "PROVINCE_ID": 32
  },
  {
    "DISTRICT_ID": 343,
    "DISTRICT_VALUE": "4523",
    "DISTRICT_NAME": "HUYỆN LANG CHÁNH",
    "PROVINCE_ID": 32
  },
  {
    "DISTRICT_ID": 344,
    "DISTRICT_VALUE": "4410",
    "DISTRICT_NAME": "THÀNH PHỐ THANH HÓA",
    "PROVINCE_ID": 32
  },
  {
    "DISTRICT_ID": 345,
    "DISTRICT_VALUE": "4487",
    "DISTRICT_NAME": "HUYỆN TRIỆU SƠN",
    "PROVINCE_ID": 32
  },
  {
    "DISTRICT_ID": 346,
    "DISTRICT_VALUE": "4538",
    "DISTRICT_NAME": "HUYỆN NÔNG CỐNG",
    "PROVINCE_ID": 32
  },
  {
    "DISTRICT_ID": 347,
    "DISTRICT_VALUE": "4564",
    "DISTRICT_NAME": "HUYỆN TĨNH GIA",
    "PROVINCE_ID": 32
  },
  {
    "DISTRICT_ID": 348,
    "DISTRICT_VALUE": "4534",
    "DISTRICT_NAME": "HUYỆN THƯỜNG XUÂN",
    "PROVINCE_ID": 32
  },
  {
    "DISTRICT_ID": 349,
    "DISTRICT_VALUE": "4551",
    "DISTRICT_NAME": "HUYỆN NHƯ XUÂN",
    "PROVINCE_ID": 32
  },
  {
    "DISTRICT_ID": 350,
    "DISTRICT_VALUE": "4431",
    "DISTRICT_NAME": "HUYỆN HẬU LỘC",
    "PROVINCE_ID": 32
  },
  {
    "DISTRICT_ID": 351,
    "DISTRICT_VALUE": "4546",
    "DISTRICT_NAME": "HUYỆN NHƯ THANH",
    "PROVINCE_ID": 32
  },
  {
    "DISTRICT_ID": 352,
    "DISTRICT_VALUE": "4444",
    "DISTRICT_NAME": "HUYỆN HÀ TRUNG",
    "PROVINCE_ID": 32
  },
  {
    "DISTRICT_ID": 353,
    "DISTRICT_VALUE": "4532",
    "DISTRICT_NAME": "HUYỆN MƯỜNG LÁT",
    "PROVINCE_ID": 32
  },
  {
    "DISTRICT_ID": 354,
    "DISTRICT_VALUE": "4476",
    "DISTRICT_NAME": "HUYỆN CẨM THỦY",
    "PROVINCE_ID": 32
  },
  {
    "DISTRICT_ID": 355,
    "DISTRICT_VALUE": "4526",
    "DISTRICT_NAME": "HUYỆN QUAN HÓA",
    "PROVINCE_ID": 32
  },
  {
    "DISTRICT_ID": 356,
    "DISTRICT_VALUE": "4481",
    "DISTRICT_NAME": "HUYỆN BÁ THƯỚC",
    "PROVINCE_ID": 32
  },
  {
    "DISTRICT_ID": 357,
    "DISTRICT_VALUE": "4462",
    "DISTRICT_NAME": "HUYỆN YÊN ĐỊNH",
    "PROVINCE_ID": 32
  },
  {
    "DISTRICT_ID": 358,
    "DISTRICT_VALUE": "4497",
    "DISTRICT_NAME": "HUYỆN THỌ XUÂN",
    "PROVINCE_ID": 32
  },
  {
    "DISTRICT_ID": 359,
    "DISTRICT_VALUE": "4449",
    "DISTRICT_NAME": "THỊ XÃ BỈM SƠN",
    "PROVINCE_ID": 32
  },
  {
    "DISTRICT_ID": 360,
    "DISTRICT_VALUE": "4456",
    "DISTRICT_NAME": "HUYỆN THIỆU HÓA",
    "PROVINCE_ID": 32
  },
  {
    "DISTRICT_ID": 361,
    "DISTRICT_VALUE": "4420",
    "DISTRICT_NAME": "THÀNH PHỐ SẦM SƠN",
    "PROVINCE_ID": 32
  },
  {
    "DISTRICT_ID": 362,
    "DISTRICT_VALUE": "4724",
    "DISTRICT_NAME": "HUYỆN ANH SƠN",
    "PROVINCE_ID": 33
  },
  {
    "DISTRICT_ID": 363,
    "DISTRICT_VALUE": "4730",
    "DISTRICT_NAME": "HUYỆN CON CUÔNG",
    "PROVINCE_ID": 33
  },
  {
    "DISTRICT_ID": 364,
    "DISTRICT_VALUE": "4743",
    "DISTRICT_NAME": "HUYỆN HƯNG NGUYÊN",
    "PROVINCE_ID": 33
  },
  {
    "DISTRICT_ID": 365,
    "DISTRICT_VALUE": "4716",
    "DISTRICT_NAME": "THỊ XÃ THÁI HÒA",
    "PROVINCE_ID": 33
  },
  {
    "DISTRICT_ID": 366,
    "DISTRICT_VALUE": "4697",
    "DISTRICT_NAME": "HUYỆN QUỲ CHÂU",
    "PROVINCE_ID": 33
  },
  {
    "DISTRICT_ID": 367,
    "DISTRICT_VALUE": "4624",
    "DISTRICT_NAME": "THỊ XÃ CỬA LÒ",
    "PROVINCE_ID": 33
  },
  {
    "DISTRICT_ID": 368,
    "DISTRICT_VALUE": "4733",
    "DISTRICT_NAME": "HUYỆN TƯƠNG DƯƠNG",
    "PROVINCE_ID": 33
  },
  {
    "DISTRICT_ID": 369,
    "DISTRICT_VALUE": "4711",
    "DISTRICT_NAME": "HUYỆN QUẾ PHONG",
    "PROVINCE_ID": 33
  },
  {
    "DISTRICT_ID": 370,
    "DISTRICT_VALUE": "4684",
    "DISTRICT_NAME": "HUYỆN TÂN KỲ",
    "PROVINCE_ID": 33
  },
  {
    "DISTRICT_ID": 371,
    "DISTRICT_VALUE": "4638",
    "DISTRICT_NAME": "HUYỆN DIỄN CHÂU",
    "PROVINCE_ID": 33
  },
  {
    "DISTRICT_ID": 372,
    "DISTRICT_VALUE": "4738",
    "DISTRICT_NAME": "HUYỆN KỲ SƠN",
    "PROVINCE_ID": 33
  },
  {
    "DISTRICT_ID": 373,
    "DISTRICT_VALUE": "4610",
    "DISTRICT_NAME": "THÀNH PHỐ VINH",
    "PROVINCE_ID": 33
  },
  {
    "DISTRICT_ID": 374,
    "DISTRICT_VALUE": "4714",
    "DISTRICT_NAME": "HUYỆN ĐÔ LƯƠNG",
    "PROVINCE_ID": 33
  },
  {
    "DISTRICT_ID": 375,
    "DISTRICT_VALUE": "4626",
    "DISTRICT_NAME": "HUYỆN NGHI LỘC",
    "PROVINCE_ID": 33
  },
  {
    "DISTRICT_ID": 376,
    "DISTRICT_VALUE": "4662",
    "DISTRICT_NAME": "HUYỆN YÊN THÀNH",
    "PROVINCE_ID": 33
  },
  {
    "DISTRICT_ID": 377,
    "DISTRICT_VALUE": "4649",
    "DISTRICT_NAME": "HUYỆN QUỲNH LƯU",
    "PROVINCE_ID": 33
  },
  {
    "DISTRICT_ID": 378,
    "DISTRICT_VALUE": "4749",
    "DISTRICT_NAME": "HUYỆN NAM ĐÀN",
    "PROVINCE_ID": 33
  },
  {
    "DISTRICT_ID": 379,
    "DISTRICT_VALUE": "4674",
    "DISTRICT_NAME": "HUYỆN NGHĨA ĐÀN",
    "PROVINCE_ID": 33
  },
  {
    "DISTRICT_ID": 380,
    "DISTRICT_VALUE": "4758",
    "DISTRICT_NAME": "THỊ XÃ HOÀNG MAI",
    "PROVINCE_ID": 33
  },
  {
    "DISTRICT_ID": 381,
    "DISTRICT_VALUE": "4757",
    "DISTRICT_NAME": "HUYỆN THANH CHƯƠNG",
    "PROVINCE_ID": 33
  },
  {
    "DISTRICT_ID": 382,
    "DISTRICT_VALUE": "4690",
    "DISTRICT_NAME": "HUYỆN QUỲ HỢP",
    "PROVINCE_ID": 33
  },
  {
    "DISTRICT_ID": 383,
    "DISTRICT_VALUE": "4866",
    "DISTRICT_NAME": "HUYỆN VŨ QUANG",
    "PROVINCE_ID": 34
  },
  {
    "DISTRICT_ID": 384,
    "DISTRICT_VALUE": "4849",
    "DISTRICT_NAME": "HUYỆN ĐỨC THỌ",
    "PROVINCE_ID": 34
  },
  {
    "DISTRICT_ID": 385,
    "DISTRICT_VALUE": "4829",
    "DISTRICT_NAME": "HUYỆN CAN LỘC",
    "PROVINCE_ID": 34
  },
  {
    "DISTRICT_ID": 386,
    "DISTRICT_VALUE": "4891",
    "DISTRICT_NAME": "HUYỆN LỘC HÀ",
    "PROVINCE_ID": 34
  },
  {
    "DISTRICT_ID": 387,
    "DISTRICT_VALUE": "4844",
    "DISTRICT_NAME": "HUYỆN NGHI XUÂN",
    "PROVINCE_ID": 34
  },
  {
    "DISTRICT_ID": 388,
    "DISTRICT_VALUE": "4856",
    "DISTRICT_NAME": "HUYỆN HƯƠNG SƠN",
    "PROVINCE_ID": 34
  },
  {
    "DISTRICT_ID": 389,
    "DISTRICT_VALUE": "4869",
    "DISTRICT_NAME": "HUYỆN HƯƠNG KHÊ",
    "PROVINCE_ID": 34
  },
  {
    "DISTRICT_ID": 390,
    "DISTRICT_VALUE": "4876",
    "DISTRICT_NAME": "HUYỆN CẨM XUYÊN",
    "PROVINCE_ID": 34
  },
  {
    "DISTRICT_ID": 391,
    "DISTRICT_VALUE": "4810",
    "DISTRICT_NAME": "THÀNH PHỐ HÀ TĨNH",
    "PROVINCE_ID": 34
  },
  {
    "DISTRICT_ID": 392,
    "DISTRICT_VALUE": "4819",
    "DISTRICT_NAME": "HUYỆN THẠCH HÀ",
    "PROVINCE_ID": 34
  },
  {
    "DISTRICT_ID": 393,
    "DISTRICT_VALUE": "4892",
    "DISTRICT_NAME": "THỊ XÃ KỲ ANH",
    "PROVINCE_ID": 34
  },
  {
    "DISTRICT_ID": 394,
    "DISTRICT_VALUE": "4884",
    "DISTRICT_NAME": "HUYỆN KỲ ANH",
    "PROVINCE_ID": 34
  },
  {
    "DISTRICT_ID": 395,
    "DISTRICT_VALUE": "4837",
    "DISTRICT_NAME": "THỊ XÃ HỒNG LĨNH",
    "PROVINCE_ID": 34
  },
  {
    "DISTRICT_ID": 396,
    "DISTRICT_VALUE": "5139",
    "DISTRICT_NAME": "HUYỆN LỆ THỦY",
    "PROVINCE_ID": 35
  },
  {
    "DISTRICT_ID": 397,
    "DISTRICT_VALUE": "5128",
    "DISTRICT_NAME": "HUYỆN TUYÊN HÓA",
    "PROVINCE_ID": 35
  },
  {
    "DISTRICT_ID": 398,
    "DISTRICT_VALUE": "5110",
    "DISTRICT_NAME": "THÀNH PHỐ ĐỒNG HỚI",
    "PROVINCE_ID": 35
  },
  {
    "DISTRICT_ID": 399,
    "DISTRICT_VALUE": "5122",
    "DISTRICT_NAME": "HUYỆN QUẢNG TRẠCH",
    "PROVINCE_ID": 35
  },
  {
    "DISTRICT_ID": 400,
    "DISTRICT_VALUE": "5132",
    "DISTRICT_NAME": "HUYỆN MINH HÓA",
    "PROVINCE_ID": 35
  },
  {
    "DISTRICT_ID": 401,
    "DISTRICT_VALUE": "5136",
    "DISTRICT_NAME": "HUYỆN QUẢNG NINH",
    "PROVINCE_ID": 35
  },
  {
    "DISTRICT_ID": 402,
    "DISTRICT_VALUE": "5115",
    "DISTRICT_NAME": "HUYỆN BỐ TRẠCH",
    "PROVINCE_ID": 35
  },
  {
    "DISTRICT_ID": 403,
    "DISTRICT_VALUE": "5140",
    "DISTRICT_NAME": "THỊ XÃ BA ĐỒN",
    "PROVINCE_ID": 35
  },
  {
    "DISTRICT_ID": 404,
    "DISTRICT_VALUE": "5233",
    "DISTRICT_NAME": "HUYỆN TRIỆU PHONG",
    "PROVINCE_ID": 36
  },
  {
    "DISTRICT_ID": 405,
    "DISTRICT_VALUE": "5210",
    "DISTRICT_NAME": "THÀNH PHỐ ĐÔNG HÀ",
    "PROVINCE_ID": 36
  },
  {
    "DISTRICT_ID": 406,
    "DISTRICT_VALUE": "5226",
    "DISTRICT_NAME": "HUYỆN HƯỚNG HÓA",
    "PROVINCE_ID": 36
  },
  {
    "DISTRICT_ID": 407,
    "DISTRICT_VALUE": "5237",
    "DISTRICT_NAME": "THỊ XÃ QUẢNG TRỊ",
    "PROVINCE_ID": 36
  },
  {
    "DISTRICT_ID": 408,
    "DISTRICT_VALUE": "5223",
    "DISTRICT_NAME": "HUYỆN CAM LỘ",
    "PROVINCE_ID": 36
  },
  {
    "DISTRICT_ID": 409,
    "DISTRICT_VALUE": "5244",
    "DISTRICT_NAME": "HUYỆN CỒN CỎ",
    "PROVINCE_ID": 36
  },
  {
    "DISTRICT_ID": 410,
    "DISTRICT_VALUE": "5230",
    "DISTRICT_NAME": "HUYỆN ĐA KRÔNG",
    "PROVINCE_ID": 36
  },
  {
    "DISTRICT_ID": 411,
    "DISTRICT_VALUE": "5238",
    "DISTRICT_NAME": "HUYỆN HẢI LĂNG",
    "PROVINCE_ID": 36
  },
  {
    "DISTRICT_ID": 412,
    "DISTRICT_VALUE": "5218",
    "DISTRICT_NAME": "HUYỆN VĨNH LINH",
    "PROVINCE_ID": 36
  },
  {
    "DISTRICT_ID": 413,
    "DISTRICT_VALUE": "5214",
    "DISTRICT_NAME": "HUYỆN GIO LINH",
    "PROVINCE_ID": 36
  },
  {
    "DISTRICT_ID": 414,
    "DISTRICT_VALUE": "5367",
    "DISTRICT_NAME": "HUYỆN PHÚ VANG",
    "PROVINCE_ID": 37
  },
  {
    "DISTRICT_ID": 415,
    "DISTRICT_VALUE": "5371",
    "DISTRICT_NAME": "HUYỆN PHÚ LỘC",
    "PROVINCE_ID": 37
  },
  {
    "DISTRICT_ID": 416,
    "DISTRICT_VALUE": "5361",
    "DISTRICT_NAME": "THỊ XÃ HƯƠNG THỦY",
    "PROVINCE_ID": 37
  },
  {
    "DISTRICT_ID": 417,
    "DISTRICT_VALUE": "5357",
    "DISTRICT_NAME": "HUYỆN A LƯỚI",
    "PROVINCE_ID": 37
  },
  {
    "DISTRICT_ID": 418,
    "DISTRICT_VALUE": "5349",
    "DISTRICT_NAME": "HUYỆN PHONG ĐIỀN",
    "PROVINCE_ID": 37
  },
  {
    "DISTRICT_ID": 419,
    "DISTRICT_VALUE": "5346",
    "DISTRICT_NAME": "HUYỆN QUẢNG ĐIỀN",
    "PROVINCE_ID": 37
  },
  {
    "DISTRICT_ID": 420,
    "DISTRICT_VALUE": "5364",
    "DISTRICT_NAME": "HUYỆN NAM ĐÔNG",
    "PROVINCE_ID": 37
  },
  {
    "DISTRICT_ID": 421,
    "DISTRICT_VALUE": "5353",
    "DISTRICT_NAME": "THỊ XÃ HƯƠNG TRÀ",
    "PROVINCE_ID": 37
  },
  {
    "DISTRICT_ID": 422,
    "DISTRICT_VALUE": "5310",
    "DISTRICT_NAME": "THÀNH PHỐ HUẾ",
    "PROVINCE_ID": 37
  },
  {
    "DISTRICT_ID": 423,
    "DISTRICT_VALUE": "5662",
    "DISTRICT_NAME": "HUYỆN PHÚ NINH",
    "PROVINCE_ID": 38
  },
  {
    "DISTRICT_ID": 424,
    "DISTRICT_VALUE": "5651",
    "DISTRICT_NAME": "HUYỆN PHƯỚC SƠN",
    "PROVINCE_ID": 38
  },
  {
    "DISTRICT_ID": 425,
    "DISTRICT_VALUE": "5647",
    "DISTRICT_NAME": "HUYỆN ĐẠI LỘC",
    "PROVINCE_ID": 38
  },
  {
    "DISTRICT_ID": 426,
    "DISTRICT_VALUE": "5660",
    "DISTRICT_NAME": "HUYỆN NAM GIANG",
    "PROVINCE_ID": 38
  },
  {
    "DISTRICT_ID": 427,
    "DISTRICT_VALUE": "5616",
    "DISTRICT_NAME": "HUYỆN THĂNG BÌNH",
    "PROVINCE_ID": 38
  },
  {
    "DISTRICT_ID": 428,
    "DISTRICT_VALUE": "5610",
    "DISTRICT_NAME": "THÀNH PHỐ TAM KỲ",
    "PROVINCE_ID": 38
  },
  {
    "DISTRICT_ID": 429,
    "DISTRICT_VALUE": "5655",
    "DISTRICT_NAME": "HUYỆN ĐÔNG GIANG",
    "PROVINCE_ID": 38
  },
  {
    "DISTRICT_ID": 430,
    "DISTRICT_VALUE": "5636",
    "DISTRICT_NAME": "HUYỆN BẮC TRÀ MY",
    "PROVINCE_ID": 38
  },
  {
    "DISTRICT_ID": 431,
    "DISTRICT_VALUE": "5658",
    "DISTRICT_NAME": "HUYỆN TÂY GIANG",
    "PROVINCE_ID": 38
  },
  {
    "DISTRICT_ID": 1,
    "DISTRICT_VALUE": "1100",
    "DISTRICT_NAME": "QUẬN HOÀN KIẾM",
    "PROVINCE_ID": 1
  },
  {
    "DISTRICT_ID": 2,
    "DISTRICT_VALUE": "1547",
    "DISTRICT_NAME": "HUYỆN BA VÌ",
    "PROVINCE_ID": 1
  },
  {
    "DISTRICT_ID": 3,
    "DISTRICT_VALUE": "1529",
    "DISTRICT_NAME": "HUYỆN HOÀI ĐỨC",
    "PROVINCE_ID": 1
  },
  {
    "DISTRICT_ID": 4,
    "DISTRICT_VALUE": "1270",
    "DISTRICT_NAME": "QUẬN HOÀNG MAI",
    "PROVINCE_ID": 1
  },
  {
    "DISTRICT_ID": 5,
    "DISTRICT_VALUE": "1553",
    "DISTRICT_NAME": "HUYỆN THẠCH THẤT",
    "PROVINCE_ID": 1
  },
  {
    "DISTRICT_ID": 6,
    "DISTRICT_VALUE": "1561",
    "DISTRICT_NAME": "HUYỆN CHƯƠNG MỸ",
    "PROVINCE_ID": 1
  },
  {
    "DISTRICT_ID": 7,
    "DISTRICT_VALUE": "1390",
    "DISTRICT_NAME": "HUYỆN SÓC SƠN",
    "PROVINCE_ID": 1
  },
  {
    "DISTRICT_ID": 8,
    "DISTRICT_VALUE": "1310",
    "DISTRICT_NAME": "HUYỆN GIA LÂM",
    "PROVINCE_ID": 1
  },
  {
    "DISTRICT_ID": 9,
    "DISTRICT_VALUE": "1120",
    "DISTRICT_NAME": "QUẬN HAI BÀ TRƯNG",
    "PROVINCE_ID": 1
  },
  {
    "DISTRICT_ID": 10,
    "DISTRICT_VALUE": "1240",
    "DISTRICT_NAME": "QUẬN TÂY HỒ",
    "PROVINCE_ID": 1
  },
  {
    "DISTRICT_ID": 11,
    "DISTRICT_VALUE": "1420",
    "DISTRICT_NAME": "HUYỆN MÊ LINH",
    "PROVINCE_ID": 1
  },
  {
    "DISTRICT_ID": 12,
    "DISTRICT_VALUE": "1340",
    "DISTRICT_NAME": "HUYỆN THANH TRÌ",
    "PROVINCE_ID": 1
  },
  {
    "DISTRICT_ID": 13,
    "DISTRICT_VALUE": "1571",
    "DISTRICT_NAME": "HUYỆN ỨNG HÒA",
    "PROVINCE_ID": 1
  },
  {
    "DISTRICT_ID": 14,
    "DISTRICT_VALUE": "1220",
    "DISTRICT_NAME": "QUẬN CẦU GIẤY",
    "PROVINCE_ID": 1
  },
  {
    "DISTRICT_ID": 15,
    "DISTRICT_VALUE": "1536",
    "DISTRICT_NAME": "HUYỆN PHÚC THỌ",
    "PROVINCE_ID": 1
  },
  {
    "DISTRICT_ID": 16,
    "DISTRICT_VALUE": "1567",
    "DISTRICT_NAME": "HUYỆN THANH OAI",
    "PROVINCE_ID": 1
  },
  {
    "DISTRICT_ID": 17,
    "DISTRICT_VALUE": "1576",
    "DISTRICT_NAME": "HUYỆN MỸ ĐỨC",
    "PROVINCE_ID": 1
  },
  {
    "DISTRICT_ID": 18,
    "DISTRICT_VALUE": "1540",
    "DISTRICT_NAME": "THỊ XÃ SƠN TÂY",
    "PROVINCE_ID": 1
  },
  {
    "DISTRICT_ID": 19,
    "DISTRICT_VALUE": "1533",
    "DISTRICT_NAME": "HUYỆN ĐAN PHƯỢNG",
    "PROVINCE_ID": 1
  },
  {
    "DISTRICT_ID": 20,
    "DISTRICT_VALUE": "1250",
    "DISTRICT_NAME": "QUẬN LONG BIÊN",
    "PROVINCE_ID": 1
  },
  {
    "DISTRICT_ID": 21,
    "DISTRICT_VALUE": "1557",
    "DISTRICT_NAME": "HUYỆN QUỐC OAI",
    "PROVINCE_ID": 1
  },
  {
    "DISTRICT_ID": 22,
    "DISTRICT_VALUE": "1180",
    "DISTRICT_NAME": "QUẬN BA ĐÌNH",
    "PROVINCE_ID": 1
  },
  {
    "DISTRICT_ID": 23,
    "DISTRICT_VALUE": "1200",
    "DISTRICT_NAME": "QUẬN THANH XUÂN",
    "PROVINCE_ID": 1
  },
  {
    "DISTRICT_ID": 24,
    "DISTRICT_VALUE": "1150",
    "DISTRICT_NAME": "QUẬN ĐỐNG ĐA",
    "PROVINCE_ID": 1
  },
  {
    "DISTRICT_ID": 25,
    "DISTRICT_VALUE": "1260",
    "DISTRICT_NAME": "QUẬN NAM TỪ LIÊM",
    "PROVINCE_ID": 1
  },
  {
    "DISTRICT_ID": 26,
    "DISTRICT_VALUE": "1280",
    "DISTRICT_NAME": "QUẬN BẮC TỪ LIÊM",
    "PROVINCE_ID": 1
  },
  {
    "DISTRICT_ID": 27,
    "DISTRICT_VALUE": "1580",
    "DISTRICT_NAME": "HUYỆN PHÚ XUYÊN",
    "PROVINCE_ID": 1
  },
  {
    "DISTRICT_ID": 28,
    "DISTRICT_VALUE": "1360",
    "DISTRICT_NAME": "HUYỆN ĐÔNG ANH",
    "PROVINCE_ID": 1
  },
  {
    "DISTRICT_ID": 30,
    "DISTRICT_VALUE": "1510",
    "DISTRICT_NAME": "QUẬN HÀ ĐÔNG",
    "PROVINCE_ID": 1
  },
  {
    "DISTRICT_ID": 31,
    "DISTRICT_VALUE": "1585",
    "DISTRICT_NAME": "HUYỆN THƯỜNG TÍN",
    "PROVINCE_ID": 1
  },
  {
    "DISTRICT_ID": 32,
    "DISTRICT_VALUE": "7460",
    "DISTRICT_NAME": "QUẬN 6",
    "PROVINCE_ID": 2
  },
  {
    "DISTRICT_ID": 33,
    "DISTRICT_VALUE": "7480",
    "DISTRICT_NAME": "QUẬN 5",
    "PROVINCE_ID": 2
  },
  {
    "DISTRICT_ID": 34,
    "DISTRICT_VALUE": "7220",
    "DISTRICT_NAME": "QUẬN 3",
    "PROVINCE_ID": 2
  },
  {
    "DISTRICT_ID": 35,
    "DISTRICT_VALUE": "7360",
    "DISTRICT_NAME": "QUẬN TÂN BÌNH",
    "PROVINCE_ID": 2
  },
  {
    "DISTRICT_ID": 36,
    "DISTRICT_VALUE": "7330",
    "DISTRICT_NAME": "HUYỆN CỦ CHI",
    "PROVINCE_ID": 2
  },
  {
    "DISTRICT_ID": 37,
    "DISTRICT_VALUE": "7580",
    "DISTRICT_NAME": "HUYỆN NHÀ BÈ",
    "PROVINCE_ID": 2
  },
  {
    "DISTRICT_ID": 38,
    "DISTRICT_VALUE": "7400",
    "DISTRICT_NAME": "QUẬN 10",
    "PROVINCE_ID": 2
  },
  {
    "DISTRICT_ID": 39,
    "DISTRICT_VALUE": "7560",
    "DISTRICT_NAME": "QUẬN 7",
    "PROVINCE_ID": 2
  },
  {
    "DISTRICT_ID": 40,
    "DISTRICT_VALUE": "7290",
    "DISTRICT_NAME": "QUẬN 12",
    "PROVINCE_ID": 2
  },
  {
    "DISTRICT_ID": 41,
    "DISTRICT_VALUE": "7150",
    "DISTRICT_NAME": "QUẬN 9",
    "PROVINCE_ID": 2
  },
  {
    "DISTRICT_ID": 42,
    "DISTRICT_VALUE": "7590",
    "DISTRICT_NAME": "HUYỆN CẦN GIỜ",
    "PROVINCE_ID": 2
  },
  {
    "DISTRICT_ID": 43,
    "DISTRICT_VALUE": "7100",
    "DISTRICT_NAME": "QUẬN 1",
    "PROVINCE_ID": 2
  },
  {
    "DISTRICT_ID": 44,
    "DISTRICT_VALUE": "7270",
    "DISTRICT_NAME": "QUẬN GÒ VẤP",
    "PROVINCE_ID": 2
  },
  {
    "DISTRICT_ID": 45,
    "DISTRICT_VALUE": "7430",
    "DISTRICT_NAME": "QUẬN 11",
    "PROVINCE_ID": 2
  },
  {
    "DISTRICT_ID": 46,
    "DISTRICT_VALUE": "7620",
    "DISTRICT_NAME": "QUẬN BÌNH TÂN",
    "PROVINCE_ID": 2
  },
  {
    "DISTRICT_ID": 47,
    "DISTRICT_VALUE": "7510",
    "DISTRICT_NAME": "QUẬN 8",
    "PROVINCE_ID": 2
  },
  {
    "DISTRICT_ID": 48,
    "DISTRICT_VALUE": "7540",
    "DISTRICT_NAME": "QUẬN 4",
    "PROVINCE_ID": 2
  },
  {
    "DISTRICT_ID": 49,
    "DISTRICT_VALUE": "7380",
    "DISTRICT_NAME": "HUYỆN BÌNH CHÁNH",
    "PROVINCE_ID": 2
  },
  {
    "DISTRICT_ID": 51,
    "DISTRICT_VALUE": "7170",
    "DISTRICT_NAME": "QUẬN BÌNH THẠNH",
    "PROVINCE_ID": 2
  },
  {
    "DISTRICT_ID": 52,
    "DISTRICT_VALUE": "7250",
    "DISTRICT_NAME": "QUẬN PHÚ NHUẬN",
    "PROVINCE_ID": 2
  },
  {
    "DISTRICT_ID": 54,
    "DISTRICT_VALUE": "7600",
    "DISTRICT_NAME": "QUẬN TÂN PHÚ",
    "PROVINCE_ID": 2
  },
  {
    "DISTRICT_ID": 55,
    "DISTRICT_VALUE": "7310",
    "DISTRICT_NAME": "HUYỆN HÓC MÔN",
    "PROVINCE_ID": 2
  },
  {
    "DISTRICT_ID": 56,
    "DISTRICT_VALUE": "1810",
    "DISTRICT_NAME": "QUẬN HỒNG BÀNG",
    "PROVINCE_ID": 3
  },
  {
    "DISTRICT_ID": 57,
    "DISTRICT_VALUE": "1871",
    "DISTRICT_NAME": "QUẬN ĐỒ SƠN",
    "PROVINCE_ID": 3
  },
  {
    "DISTRICT_ID": 58,
    "DISTRICT_VALUE": "1836",
    "DISTRICT_NAME": "QUẬN LÊ CHÂN",
    "PROVINCE_ID": 3
  },
  {
    "DISTRICT_ID": 59,
    "DISTRICT_VALUE": "1848",
    "DISTRICT_NAME": "HUYỆN AN DƯƠNG",
    "PROVINCE_ID": 3
  },
  {
    "DISTRICT_ID": 60,
    "DISTRICT_VALUE": "1872",
    "DISTRICT_NAME": "HUYỆN ĐẢO BẠCH LONG VĨ",
    "PROVINCE_ID": 3
  },
  {
    "DISTRICT_ID": 61,
    "DISTRICT_VALUE": "1867",
    "DISTRICT_NAME": "HUYỆN KIẾN THỤY",
    "PROVINCE_ID": 3
  },
  {
    "DISTRICT_ID": 62,
    "DISTRICT_VALUE": "1890",
    "DISTRICT_NAME": "QUẬN DƯƠNG KINH",
    "PROVINCE_ID": 3
  },
  {
    "DISTRICT_ID": 63,
    "DISTRICT_VALUE": "1853",
    "DISTRICT_NAME": "HUYỆN AN LÃO",
    "PROVINCE_ID": 3
  },
  {
    "DISTRICT_ID": 64,
    "DISTRICT_VALUE": "1862",
    "DISTRICT_NAME": "HUYỆN VĨNH BẢO",
    "PROVINCE_ID": 3
  },
  {
    "DISTRICT_ID": 65,
    "DISTRICT_VALUE": "1851",
    "DISTRICT_NAME": "QUẬN KIẾN AN",
    "PROVINCE_ID": 3
  },
  {
    "DISTRICT_ID": 66,
    "DISTRICT_VALUE": "1891",
    "DISTRICT_NAME": "HUYỆN ĐẢO CÁT HẢI",
    "PROVINCE_ID": 3
  },
  {
    "DISTRICT_ID": 67,
    "DISTRICT_VALUE": "1830",
    "DISTRICT_NAME": "HUYỆN THỦY NGUYÊN",
    "PROVINCE_ID": 3
  },
  {
    "DISTRICT_ID": 68,
    "DISTRICT_VALUE": "1818",
    "DISTRICT_NAME": "QUẬN NGÔ QUYỀN",
    "PROVINCE_ID": 3
  },
  {
    "DISTRICT_ID": 69,
    "DISTRICT_VALUE": "1856",
    "DISTRICT_NAME": "HUYỆN TIÊN LÃNG",
    "PROVINCE_ID": 3
  },
  {
    "DISTRICT_ID": 70,
    "DISTRICT_VALUE": "1875",
    "DISTRICT_NAME": "QUẬN HẢI AN",
    "PROVINCE_ID": 3
  },
  {
    "DISTRICT_ID": 71,
    "DISTRICT_VALUE": "5574",
    "DISTRICT_NAME": "QUẬN CẨM LỆ",
    "PROVINCE_ID": 4
  },
  {
    "DISTRICT_ID": 72,
    "DISTRICT_VALUE": "5542",
    "DISTRICT_NAME": "QUẬN THANH KHÊ",
    "PROVINCE_ID": 4
  },
  {
    "DISTRICT_ID": 73,
    "DISTRICT_VALUE": "5568",
    "DISTRICT_NAME": "QUẬN NGŨ HÀNH SƠN",
    "PROVINCE_ID": 4
  },
  {
    "DISTRICT_ID": 74,
    "DISTRICT_VALUE": "5510",
    "DISTRICT_NAME": "QUẬN HẢI CHÂU",
    "PROVINCE_ID": 4
  },
  {
    "DISTRICT_ID": 75,
    "DISTRICT_VALUE": "5533",
    "DISTRICT_NAME": "QUẬN SƠN TRÀ",
    "PROVINCE_ID": 4
  },
  {
    "DISTRICT_ID": 76,
    "DISTRICT_VALUE": "5557",
    "DISTRICT_NAME": "QUẬN LIÊN CHIỂU",
    "PROVINCE_ID": 4
  },
  {
    "DISTRICT_ID": 77,
    "DISTRICT_VALUE": "5573",
    "DISTRICT_NAME": "HUYỆN HOÀNG SA",
    "PROVINCE_ID": 4
  },
  {
    "DISTRICT_ID": 78,
    "DISTRICT_VALUE": "5575",
    "DISTRICT_NAME": "HUYỆN ĐIỆN BÀN",
    "PROVINCE_ID": 4
  },
  {
    "DISTRICT_ID": 79,
    "DISTRICT_VALUE": "5564",
    "DISTRICT_NAME": "HUYỆN HÒA VANG",
    "PROVINCE_ID": 4
  },
  {
    "DISTRICT_ID": 80,
    "DISTRICT_VALUE": "9040",
    "DISTRICT_NAME": "QUẬN Ô MÔN",
    "PROVINCE_ID": 5
  },
  {
    "DISTRICT_ID": 81,
    "DISTRICT_VALUE": "9060",
    "DISTRICT_NAME": "HUYỆN THỚI LAI",
    "PROVINCE_ID": 5
  },
  {
    "DISTRICT_ID": 82,
    "DISTRICT_VALUE": "9010",
    "DISTRICT_NAME": "QUẬN NINH KIỀU",
    "PROVINCE_ID": 5
  },
  {
    "DISTRICT_ID": 83,
    "DISTRICT_VALUE": "9042",
    "DISTRICT_NAME": "QUẬN THỐT NỐT",
    "PROVINCE_ID": 5
  },
  {
    "DISTRICT_ID": 85,
    "DISTRICT_VALUE": "9050",
    "DISTRICT_NAME": "HUYỆN VĨNH THẠNH",
    "PROVINCE_ID": 5
  },
  {
    "DISTRICT_ID": 87,
    "DISTRICT_VALUE": "9044",
    "DISTRICT_NAME": "HUYỆN PHONG ĐIỀN",
    "PROVINCE_ID": 5
  },
  {
    "DISTRICT_ID": 89,
    "DISTRICT_VALUE": "9036",
    "DISTRICT_NAME": "QUẬN CÁI RĂNG",
    "PROVINCE_ID": 5
  },
  {
    "DISTRICT_ID": 90,
    "DISTRICT_VALUE": "9046",
    "DISTRICT_NAME": "HUYỆN CỜ ĐỎ",
    "PROVINCE_ID": 5
  },
  {
    "DISTRICT_ID": 91,
    "DISTRICT_VALUE": "9028",
    "DISTRICT_NAME": "QUẬN BÌNH THỦY",
    "PROVINCE_ID": 5
  },
  {
    "DISTRICT_ID": 92,
    "DISTRICT_VALUE": "8648",
    "DISTRICT_NAME": "HUYỆN TÂN PHÚ ĐÔNG",
    "PROVINCE_ID": 6
  },
  {
    "DISTRICT_ID": 93,
    "DISTRICT_VALUE": "8620",
    "DISTRICT_NAME": "HUYỆN CHỢ GẠO",
    "PROVINCE_ID": 6
  },
  {
    "DISTRICT_ID": 94,
    "DISTRICT_VALUE": "8624",
    "DISTRICT_NAME": "HUYỆN GÒ CÔNG TÂY",
    "PROVINCE_ID": 6
  },
  {
    "DISTRICT_ID": 95,
    "DISTRICT_VALUE": "8647",
    "DISTRICT_NAME": "HUYỆN CÁI BÈ",
    "PROVINCE_ID": 6
  },
  {
    "DISTRICT_ID": 96,
    "DISTRICT_VALUE": "8630",
    "DISTRICT_NAME": "HUYỆN GÒ CÔNG ĐÔNG",
    "PROVINCE_ID": 6
  },
  {
    "DISTRICT_ID": 97,
    "DISTRICT_VALUE": "8634",
    "DISTRICT_NAME": "HUYỆN CHÂU THÀNH",
    "PROVINCE_ID": 6
  },
  {
    "DISTRICT_ID": 98,
    "DISTRICT_VALUE": "8639",
    "DISTRICT_NAME": "HUYỆN TÂN PHƯỚC",
    "PROVINCE_ID": 6
  },
  {
    "DISTRICT_ID": 99,
    "DISTRICT_VALUE": "8627",
    "DISTRICT_NAME": "THỊ XÃ GÒ CÔNG",
    "PROVINCE_ID": 6
  },
  {
    "DISTRICT_ID": 100,
    "DISTRICT_VALUE": "8641",
    "DISTRICT_NAME": "HUYỆN CAI LẬY",
    "PROVINCE_ID": 6
  },
  {
    "DISTRICT_ID": 101,
    "DISTRICT_VALUE": "8610",
    "DISTRICT_NAME": "THÀNH PHỐ MỸ THO",
    "PROVINCE_ID": 6
  },
  {
    "DISTRICT_ID": 102,
    "DISTRICT_VALUE": "9110",
    "DISTRICT_NAME": "THÀNH PHỐ VỊ THANH",
    "PROVINCE_ID": 8
  },
  {
    "DISTRICT_ID": 103,
    "DISTRICT_VALUE": "9125",
    "DISTRICT_NAME": "HUYỆN CHÂU THÀNH A",
    "PROVINCE_ID": 8
  },
  {
    "DISTRICT_ID": 104,
    "DISTRICT_VALUE": "9115",
    "DISTRICT_NAME": "HUYỆN LONG MỸ",
    "PROVINCE_ID": 8
  },
  {
    "DISTRICT_ID": 105,
    "DISTRICT_VALUE": "9127",
    "DISTRICT_NAME": "HUYỆN CHÂU THÀNH ",
    "PROVINCE_ID": 8
  },
  {
    "DISTRICT_ID": 106,
    "DISTRICT_VALUE": "9122",
    "DISTRICT_NAME": "HUYỆN VỊ THỦY",
    "PROVINCE_ID": 8
  },
  {
    "DISTRICT_ID": 107,
    "DISTRICT_VALUE": "9129",
    "DISTRICT_NAME": "THÀNH PHỐ NGÃ BẢY",
    "PROVINCE_ID": 8
  },
  {
    "DISTRICT_ID": 108,
    "DISTRICT_VALUE": "9118",
    "DISTRICT_NAME": "HUYỆN PHỤNG HIỆP",
    "PROVINCE_ID": 8
  },
  {
    "DISTRICT_ID": 109,
    "DISTRICT_VALUE": "9130",
    "DISTRICT_NAME": "THỊ XÃ LONG MỸ",
    "PROVINCE_ID": 8
  },
  {
    "DISTRICT_ID": 110,
    "DISTRICT_VALUE": "6427",
    "DISTRICT_NAME": "HUYỆN ĐẮK GLONG",
    "PROVINCE_ID": 9
  },
  {
    "DISTRICT_ID": 538,
    "DISTRICT_VALUE": "6629",
    "DISTRICT_NAME": "HUYỆN BÁC ÁI",
    "PROVINCE_ID": 47
  },
  {
    "DISTRICT_ID": 539,
    "DISTRICT_VALUE": "6633",
    "DISTRICT_NAME": "HUYỆN NINH PHƯỚC",
    "PROVINCE_ID": 47
  },
  {
    "DISTRICT_ID": 540,
    "DISTRICT_VALUE": "6631",
    "DISTRICT_NAME": "HUYỆN NINH SƠN",
    "PROVINCE_ID": 47
  },
  {
    "DISTRICT_ID": 541,
    "DISTRICT_VALUE": "6630",
    "DISTRICT_NAME": "HUYỆN THUẬN NAM",
    "PROVINCE_ID": 47
  },
  {
    "DISTRICT_ID": 542,
    "DISTRICT_VALUE": "6626",
    "DISTRICT_NAME": "HUYỆN NINH HẢI",
    "PROVINCE_ID": 47
  },
  {
    "DISTRICT_ID": 543,
    "DISTRICT_VALUE": "6636",
    "DISTRICT_NAME": "HUYỆN THUẬN BẮC",
    "PROVINCE_ID": 47
  },
  {
    "DISTRICT_ID": 544,
    "DISTRICT_VALUE": "6610",
    "DISTRICT_NAME": "THÀNH PHỐ PHAN RANG-THÁP CHÀM",
    "PROVINCE_ID": 47
  },
  {
    "DISTRICT_ID": 545,
    "DISTRICT_VALUE": "8336",
    "DISTRICT_NAME": "HUYỆN BÙ ĐỐP",
    "PROVINCE_ID": 48
  },
  {
    "DISTRICT_ID": 546,
    "DISTRICT_VALUE": "8325",
    "DISTRICT_NAME": "HUYỆN LỘC NINH",
    "PROVINCE_ID": 48
  },
  {
    "DISTRICT_ID": 547,
    "DISTRICT_VALUE": "8310",
    "DISTRICT_NAME": "THÀNH PHỐ ĐỒNG XOÀI",
    "PROVINCE_ID": 48
  },
  {
    "DISTRICT_ID": 548,
    "DISTRICT_VALUE": "8315",
    "DISTRICT_NAME": "HUYỆN ĐỒNG PHÚ",
    "PROVINCE_ID": 48
  },
  {
    "DISTRICT_ID": 549,
    "DISTRICT_VALUE": "8341",
    "DISTRICT_NAME": "HUYỆN HỚN QUẢN",
    "PROVINCE_ID": 48
  },
  {
    "DISTRICT_ID": 550,
    "DISTRICT_VALUE": "8329",
    "DISTRICT_NAME": "THỊ XÃ BÌNH LONG",
    "PROVINCE_ID": 48
  },
  {
    "DISTRICT_ID": 551,
    "DISTRICT_VALUE": "8333",
    "DISTRICT_NAME": "HUYỆN CHƠN THÀNH",
    "PROVINCE_ID": 48
  },
  {
    "DISTRICT_ID": 552,
    "DISTRICT_VALUE": "8317",
    "DISTRICT_NAME": "HUYỆN BÙ ĐĂNG",
    "PROVINCE_ID": 48
  },
  {
    "DISTRICT_ID": 553,
    "DISTRICT_VALUE": "8339",
    "DISTRICT_NAME": "THỊ XÃ PHƯỚC LONG",
    "PROVINCE_ID": 48
  },
  {
    "DISTRICT_ID": 554,
    "DISTRICT_VALUE": "8342",
    "DISTRICT_NAME": "HUYỆN PHÚ RIỀNG",
    "PROVINCE_ID": 48
  },
  {
    "DISTRICT_ID": 555,
    "DISTRICT_VALUE": "8340",
    "DISTRICT_NAME": "HUYỆN BÙ GIA MẬP",
    "PROVINCE_ID": 48
  },
  {
    "DISTRICT_ID": 556,
    "DISTRICT_VALUE": "8419",
    "DISTRICT_NAME": "HUYỆN TÂN CHÂU",
    "PROVINCE_ID": 49
  },
  {
    "DISTRICT_ID": 557,
    "DISTRICT_VALUE": "8424",
    "DISTRICT_NAME": "HUYỆN CHÂU THÀNH",
    "PROVINCE_ID": 49
  },
  {
    "DISTRICT_ID": 558,
    "DISTRICT_VALUE": "8410",
    "DISTRICT_NAME": "THÀNH PHỐ TÂY NINH",
    "PROVINCE_ID": 49
  },
  {
    "DISTRICT_ID": 559,
    "DISTRICT_VALUE": "8422",
    "DISTRICT_NAME": "HUYỆN TÂN BIÊN",
    "PROVINCE_ID": 49
  },
  {
    "DISTRICT_ID": 560,
    "DISTRICT_VALUE": "8431",
    "DISTRICT_NAME": "HUYỆN GÒ DẦU",
    "PROVINCE_ID": 49
  },
  {
    "DISTRICT_ID": 561,
    "DISTRICT_VALUE": "8433",
    "DISTRICT_NAME": "THỊ XÃ TRẢNG BÀNG",
    "PROVINCE_ID": 49
  },
  {
    "DISTRICT_ID": 562,
    "DISTRICT_VALUE": "8417",
    "DISTRICT_NAME": "HUYỆN DƯƠNG MINH CHÂU",
    "PROVINCE_ID": 49
  },
  {
    "DISTRICT_ID": 563,
    "DISTRICT_VALUE": "8429",
    "DISTRICT_NAME": "HUYỆN BẾN CẦU",
    "PROVINCE_ID": 49
  },
  {
    "DISTRICT_ID": 564,
    "DISTRICT_VALUE": "8427",
    "DISTRICT_NAME": "THỊ XÃ HÒA THÀNH",
    "PROVINCE_ID": 49
  },
  {
    "DISTRICT_ID": 565,
    "DISTRICT_VALUE": "8223",
    "DISTRICT_NAME": "THỊ XÃ TÂN UYÊN",
    "PROVINCE_ID": 50
  },
  {
    "DISTRICT_ID": 566,
    "DISTRICT_VALUE": "8246",
    "DISTRICT_NAME": "THÀNH PHỐ DĨ AN",
    "PROVINCE_ID": 50
  },
  {
    "DISTRICT_ID": 567,
    "DISTRICT_VALUE": "8231",
    "DISTRICT_NAME": "THỊ XÃ BẾN CÁT",
    "PROVINCE_ID": 50
  },
  {
    "DISTRICT_ID": 568,
    "DISTRICT_VALUE": "8248",
    "DISTRICT_NAME": "HUYỆN BÀU BÀNG",
    "PROVINCE_ID": 50
  },
  {
    "DISTRICT_ID": 569,
    "DISTRICT_VALUE": "8247",
    "DISTRICT_NAME": "HUYỆN BẮC TÂN UYÊN",
    "PROVINCE_ID": 50
  },
  {
    "DISTRICT_ID": 570,
    "DISTRICT_VALUE": "8239",
    "DISTRICT_NAME": "THÀNH PHỐ THUẬN AN",
    "PROVINCE_ID": 50
  },
  {
    "DISTRICT_ID": 571,
    "DISTRICT_VALUE": "8228",
    "DISTRICT_NAME": "HUYỆN PHÚ GIÁO",
    "PROVINCE_ID": 50
  },
  {
    "DISTRICT_ID": 572,
    "DISTRICT_VALUE": "8236",
    "DISTRICT_NAME": "HUYỆN DẦU TIẾNG",
    "PROVINCE_ID": 50
  },
  {
    "DISTRICT_ID": 573,
    "DISTRICT_VALUE": "8210",
    "DISTRICT_NAME": "THÀNH PHỐ THỦ DẦU MỘT",
    "PROVINCE_ID": 50
  },
  {
    "DISTRICT_ID": 574,
    "DISTRICT_VALUE": "8164",
    "DISTRICT_NAME": "HUYỆN TRẢNG BOM",
    "PROVINCE_ID": 51
  },
  {
    "DISTRICT_ID": 575,
    "DISTRICT_VALUE": "8146",
    "DISTRICT_NAME": "HUYỆN TÂN PHÚ",
    "PROVINCE_ID": 51
  },
  {
    "DISTRICT_ID": 576,
    "DISTRICT_VALUE": "8137",
    "DISTRICT_NAME": "HUYỆN THỐNG NHẤT",
    "PROVINCE_ID": 51
  },
  {
    "DISTRICT_ID": 577,
    "DISTRICT_VALUE": "8150",
    "DISTRICT_NAME": "HUYỆN VĨNH CỬU",
    "PROVINCE_ID": 51
  },
  {
    "DISTRICT_ID": 578,
    "DISTRICT_VALUE": "8158",
    "DISTRICT_NAME": "HUYỆN NHƠN TRẠCH",
    "PROVINCE_ID": 51
  },
  {
    "DISTRICT_ID": 579,
    "DISTRICT_VALUE": "8110",
    "DISTRICT_NAME": "THÀNH PHỐ BIÊN HÒA",
    "PROVINCE_ID": 51
  },
  {
    "DISTRICT_ID": 580,
    "DISTRICT_VALUE": "8161",
    "DISTRICT_NAME": "HUYỆN CẨM MỸ",
    "PROVINCE_ID": 51
  },
  {
    "DISTRICT_ID": 581,
    "DISTRICT_VALUE": "8139",
    "DISTRICT_NAME": "HUYỆN XUÂN LỘC",
    "PROVINCE_ID": 51
  },
  {
    "DISTRICT_ID": 582,
    "DISTRICT_VALUE": "8142",
    "DISTRICT_NAME": "HUYỆN ĐỊNH QUÁN",
    "PROVINCE_ID": 51
  },
  {
    "DISTRICT_ID": 583,
    "DISTRICT_VALUE": "8153",
    "DISTRICT_NAME": "HUYỆN LONG THÀNH",
    "PROVINCE_ID": 51
  },
  {
    "DISTRICT_ID": 584,
    "DISTRICT_VALUE": "8132",
    "DISTRICT_NAME": "THÀNH PHỐ LONG KHÁNH",
    "PROVINCE_ID": 51
  },
  {
    "DISTRICT_ID": 585,
    "DISTRICT_VALUE": "8028",
    "DISTRICT_NAME": "HUYỆN HÀM THUẬN BẮC",
    "PROVINCE_ID": 52
  },
  {
    "DISTRICT_ID": 586,
    "DISTRICT_VALUE": "8044",
    "DISTRICT_NAME": "HUYỆN PHÚ QUÍ",
    "PROVINCE_ID": 52
  },
  {
    "DISTRICT_ID": 587,
    "DISTRICT_VALUE": "8023",
    "DISTRICT_NAME": "HUYỆN TUY PHONG",
    "PROVINCE_ID": 52
  },
  {
    "DISTRICT_ID": 588,
    "DISTRICT_VALUE": "8034",
    "DISTRICT_NAME": "HUYỆN TÁNH LINH",
    "PROVINCE_ID": 52
  },
  {
    "DISTRICT_ID": 589,
    "DISTRICT_VALUE": "8037",
    "DISTRICT_NAME": "HUYỆN ĐỨC LINH",
    "PROVINCE_ID": 52
  },
  {
    "DISTRICT_ID": 590,
    "DISTRICT_VALUE": "8046",
    "DISTRICT_NAME": "THỊ XÃ LA GI",
    "PROVINCE_ID": 52
  },
  {
    "DISTRICT_ID": 591,
    "DISTRICT_VALUE": "8040",
    "DISTRICT_NAME": "HUYỆN HÀM TÂN",
    "PROVINCE_ID": 52
  },
  {
    "DISTRICT_ID": 592,
    "DISTRICT_VALUE": "8031",
    "DISTRICT_NAME": "HUYỆN HÀM THUẬN NAM",
    "PROVINCE_ID": 52
  },
  {
    "DISTRICT_ID": 593,
    "DISTRICT_VALUE": "8019",
    "DISTRICT_NAME": "HUYỆN BẮC BÌNH",
    "PROVINCE_ID": 52
  },
  {
    "DISTRICT_ID": 594,
    "DISTRICT_VALUE": "8010",
    "DISTRICT_NAME": "THÀNH PHỐ PHAN THIẾT",
    "PROVINCE_ID": 52
  },
  {
    "DISTRICT_ID": 595,
    "DISTRICT_VALUE": "7951",
    "DISTRICT_NAME": "THÀNH PHỐ BÀ RỊA",
    "PROVINCE_ID": 53
  },
  {
    "DISTRICT_ID": 596,
    "DISTRICT_VALUE": "7956",
    "DISTRICT_NAME": "THỊ XÃ PHÚ MỸ",
    "PROVINCE_ID": 53
  },
  {
    "DISTRICT_ID": 597,
    "DISTRICT_VALUE": "7948",
    "DISTRICT_NAME": "HUYỆN XUYÊN MỘC",
    "PROVINCE_ID": 53
  },
  {
    "DISTRICT_ID": 598,
    "DISTRICT_VALUE": "7953",
    "DISTRICT_NAME": "HUYỆN CHÂU ĐỨC",
    "PROVINCE_ID": 53
  },
  {
    "DISTRICT_ID": 599,
    "DISTRICT_VALUE": "7910",
    "DISTRICT_NAME": "THÀNH PHỐ VŨNG TÀU",
    "PROVINCE_ID": 53
  },
  {
    "DISTRICT_ID": 600,
    "DISTRICT_VALUE": "7946",
    "DISTRICT_NAME": "HUYỆN ĐẤT ĐỎ",
    "PROVINCE_ID": 53
  },
  {
    "DISTRICT_ID": 602,
    "DISTRICT_VALUE": "7943",
    "DISTRICT_NAME": "HUYỆN CÔN ĐẢO",
    "PROVINCE_ID": 53
  },
  {
    "DISTRICT_ID": 603,
    "DISTRICT_VALUE": "7944",
    "DISTRICT_NAME": "HUYỆN LONG ĐIỀN",
    "PROVINCE_ID": 53
  },
  {
    "DISTRICT_ID": 604,
    "DISTRICT_VALUE": "8521",
    "DISTRICT_NAME": "HUYỆN TÂN TRỤ",
    "PROVINCE_ID": 54
  },
  {
    "DISTRICT_ID": 605,
    "DISTRICT_VALUE": "8542",
    "DISTRICT_NAME": "HUYỆN ĐỨC HUỆ",
    "PROVINCE_ID": 54
  },
  {
    "DISTRICT_ID": 606,
    "DISTRICT_VALUE": "8531",
    "DISTRICT_NAME": "HUYỆN CẦN GIUỘC",
    "PROVINCE_ID": 54
  },
  {
    "DISTRICT_ID": 607,
    "DISTRICT_VALUE": "8527",
    "DISTRICT_NAME": "HUYỆN CẦN ĐƯỚC",
    "PROVINCE_ID": 54
  },
  {
    "DISTRICT_ID": 608,
    "DISTRICT_VALUE": "8553",
    "DISTRICT_NAME": "HUYỆN TÂN HƯNG",
    "PROVINCE_ID": 54
  },
  {
    "DISTRICT_ID": 609,
    "DISTRICT_VALUE": "8518",
    "DISTRICT_NAME": "HUYỆN CHÂU THÀNH",
    "PROVINCE_ID": 54
  },
  {
    "DISTRICT_ID": 610,
    "DISTRICT_VALUE": "8523",
    "DISTRICT_NAME": "HUYỆN BẾN LỨC",
    "PROVINCE_ID": 54
  },
  {
    "DISTRICT_ID": 611,
    "DISTRICT_VALUE": "8546",
    "DISTRICT_NAME": "HUYỆN TÂN THẠNH",
    "PROVINCE_ID": 54
  },
  {
    "DISTRICT_ID": 612,
    "DISTRICT_VALUE": "8544",
    "DISTRICT_NAME": "HUYỆN THẠNH HÓA",
    "PROVINCE_ID": 54
  },
  {
    "DISTRICT_ID": 613,
    "DISTRICT_VALUE": "8548",
    "DISTRICT_NAME": "HUYỆN MỘC HÓA",
    "PROVINCE_ID": 54
  },
  {
    "DISTRICT_ID": 614,
    "DISTRICT_VALUE": "8537",
    "DISTRICT_NAME": "HUYỆN ĐỨC HÒA",
    "PROVINCE_ID": 54
  },
  {
    "DISTRICT_ID": 615,
    "DISTRICT_VALUE": "8551",
    "DISTRICT_NAME": "HUYỆN VĨNH HƯNG",
    "PROVINCE_ID": 54
  },
  {
    "DISTRICT_ID": 616,
    "DISTRICT_VALUE": "8510",
    "DISTRICT_NAME": "THÀNH PHỐ TÂN AN",
    "PROVINCE_ID": 54
  },
  {
    "DISTRICT_ID": 617,
    "DISTRICT_VALUE": "8534",
    "DISTRICT_NAME": "HUYỆN THỦ THỪA",
    "PROVINCE_ID": 54
  },
  {
    "DISTRICT_ID": 618,
    "DISTRICT_VALUE": "8554",
    "DISTRICT_NAME": "THỊ XÃ KIẾN TƯỜNG",
    "PROVINCE_ID": 54
  },
  {
    "DISTRICT_ID": 619,
    "DISTRICT_VALUE": "8719",
    "DISTRICT_NAME": "HUYỆN TÂN HỒNG",
    "PROVINCE_ID": 55
  },
  {
    "DISTRICT_ID": 620,
    "DISTRICT_VALUE": "8726",
    "DISTRICT_NAME": "HUYỆN LẤP VÒ",
    "PROVINCE_ID": 55
  },
  {
    "DISTRICT_ID": 621,
    "DISTRICT_VALUE": "8710",
    "DISTRICT_NAME": "THÀNH PHỐ CAO LÃNH",
    "PROVINCE_ID": 55
  },
  {
    "DISTRICT_ID": 622,
    "DISTRICT_VALUE": "8728",
    "DISTRICT_NAME": "HUYỆN LAI VUNG",
    "PROVINCE_ID": 55
  },
  {
    "DISTRICT_ID": 623,
    "DISTRICT_VALUE": "8738",
    "DISTRICT_NAME": "HUYỆN CHÂU THÀNH",
    "PROVINCE_ID": 55
  },
  {
    "DISTRICT_ID": 624,
    "DISTRICT_VALUE": "8721",
    "DISTRICT_NAME": "HUYỆN HỒNG NGỰ",
    "PROVINCE_ID": 55
  },
  {
    "DISTRICT_ID": 625,
    "DISTRICT_VALUE": "8740",
    "DISTRICT_NAME": "HUYỆN CAO LÃNH",
    "PROVINCE_ID": 55
  },
  {
    "DISTRICT_ID": 626,
    "DISTRICT_VALUE": "8731",
    "DISTRICT_NAME": "THÀNH PHỐ SA ĐÉC",
    "PROVINCE_ID": 55
  },
  {
    "DISTRICT_ID": 627,
    "DISTRICT_VALUE": "8714",
    "DISTRICT_NAME": "HUYỆN THÁP MƯỜI",
    "PROVINCE_ID": 55
  },
  {
    "DISTRICT_ID": 628,
    "DISTRICT_VALUE": "8741",
    "DISTRICT_NAME": "THỊ XÃ HỒNG NGỰ",
    "PROVINCE_ID": 55
  },
  {
    "DISTRICT_ID": 629,
    "DISTRICT_VALUE": "8724",
    "DISTRICT_NAME": "HUYỆN THANH BÌNH",
    "PROVINCE_ID": 55
  },
  {
    "DISTRICT_ID": 630,
    "DISTRICT_VALUE": "8717",
    "DISTRICT_NAME": "HUYỆN TAM NÔNG",
    "PROVINCE_ID": 55
  },
  {
    "DISTRICT_ID": 631,
    "DISTRICT_VALUE": "8830",
    "DISTRICT_NAME": "THÀNH PHỐ CHÂU ĐỐC",
    "PROVINCE_ID": 56
  },
  {
    "DISTRICT_ID": 632,
    "DISTRICT_VALUE": "8825",
    "DISTRICT_NAME": "HUYỆN PHÚ TÂN",
    "PROVINCE_ID": 56
  },
  {
    "DISTRICT_ID": 633,
    "DISTRICT_VALUE": "8810",
    "DISTRICT_NAME": "THÀNH PHỐ LONG XUYÊN",
    "PROVINCE_ID": 56
  },
  {
    "DISTRICT_ID": 634,
    "DISTRICT_VALUE": "8837",
    "DISTRICT_NAME": "HUYỆN AN PHÚ",
    "PROVINCE_ID": 56
  },
  {
    "DISTRICT_ID": 635,
    "DISTRICT_VALUE": "8816",
    "DISTRICT_NAME": "HUYỆN CHỢ MỚI",
    "PROVINCE_ID": 56
  },
  {
    "DISTRICT_ID": 636,
    "DISTRICT_VALUE": "8828",
    "DISTRICT_NAME": "HUYỆN CHÂU PHÚ",
    "PROVINCE_ID": 56
  },
  {
    "DISTRICT_ID": 637,
    "DISTRICT_VALUE": "8834",
    "DISTRICT_NAME": "THỊ XÃ TÂN CHÂU",
    "PROVINCE_ID": 56
  },
  {
    "DISTRICT_ID": 638,
    "DISTRICT_VALUE": "8840",
    "DISTRICT_NAME": "HUYỆN TỊNH BIÊN",
    "PROVINCE_ID": 56
  },
  {
    "DISTRICT_ID": 639,
    "DISTRICT_VALUE": "8843",
    "DISTRICT_NAME": "HUYỆN TRI TÔN",
    "PROVINCE_ID": 56
  },
  {
    "DISTRICT_ID": 640,
    "DISTRICT_VALUE": "8822",
    "DISTRICT_NAME": "HUYỆN CHÂU THÀNH",
    "PROVINCE_ID": 56
  },
  {
    "DISTRICT_ID": 641,
    "DISTRICT_VALUE": "8846",
    "DISTRICT_NAME": "HUYỆN THOẠI SƠN",
    "PROVINCE_ID": 56
  },
  {
    "DISTRICT_ID": 642,
    "DISTRICT_VALUE": "8921",
    "DISTRICT_NAME": "THỊ XÃ BÌNH MINH",
    "PROVINCE_ID": 57
  },
  {
    "DISTRICT_ID": 643,
    "DISTRICT_VALUE": "8913",
    "DISTRICT_NAME": "HUYỆN LONG HỒ",
    "PROVINCE_ID": 57
  },
  {
    "DISTRICT_ID": 644,
    "DISTRICT_VALUE": "8938",
    "DISTRICT_NAME": "HUYỆN BÌNH TÂN",
    "PROVINCE_ID": 57
  },
  {
    "DISTRICT_ID": 645,
    "DISTRICT_VALUE": "8929",
    "DISTRICT_NAME": "HUYỆN VŨNG LIÊM",
    "PROVINCE_ID": 57
  },
  {
    "DISTRICT_ID": 646,
    "DISTRICT_VALUE": "8917",
    "DISTRICT_NAME": "HUYỆN TAM BÌNH",
    "PROVINCE_ID": 57
  },
  {
    "DISTRICT_ID": 647,
    "DISTRICT_VALUE": "8910",
    "DISTRICT_NAME": "THÀNH PHỐ VĨNH LONG",
    "PROVINCE_ID": 57
  },
  {
    "DISTRICT_ID": 648,
    "DISTRICT_VALUE": "8925",
    "DISTRICT_NAME": "HUYỆN TRÀ ÔN",
    "PROVINCE_ID": 57
  },
  {
    "DISTRICT_ID": 649,
    "DISTRICT_VALUE": "8934",
    "DISTRICT_NAME": "HUYỆN MANG THÍT",
    "PROVINCE_ID": 57
  },
  {
    "DISTRICT_ID": 650,
    "DISTRICT_VALUE": "9333",
    "DISTRICT_NAME": "HUYỆN BA TRI",
    "PROVINCE_ID": 58
  },
  {
    "DISTRICT_ID": 651,
    "DISTRICT_VALUE": "9317",
    "DISTRICT_NAME": "HUYỆN CHỢ LÁCH",
    "PROVINCE_ID": 58
  },
  {
    "DISTRICT_ID": 652,
    "DISTRICT_VALUE": "9337",
    "DISTRICT_NAME": "HUYỆN BÌNH ĐẠI",
    "PROVINCE_ID": 58
  },
  {
    "DISTRICT_ID": 653,
    "DISTRICT_VALUE": "9321",
    "DISTRICT_NAME": "HUYỆN MỎ CÀY NAM",
    "PROVINCE_ID": 58
  },
  {
    "DISTRICT_ID": 654,
    "DISTRICT_VALUE": "9320",
    "DISTRICT_NAME": "HUYỆN MỎ CÀY BẮC",
    "PROVINCE_ID": 58
  },
  {
    "DISTRICT_ID": 655,
    "DISTRICT_VALUE": "9330",
    "DISTRICT_NAME": "HUYỆN THẠNH PHÚ",
    "PROVINCE_ID": 58
  },
  {
    "DISTRICT_ID": 656,
    "DISTRICT_VALUE": "9326",
    "DISTRICT_NAME": "HUYỆN GIỒNG TRÔM",
    "PROVINCE_ID": 58
  },
  {
    "DISTRICT_ID": 657,
    "DISTRICT_VALUE": "9313",
    "DISTRICT_NAME": "HUYỆN CHÂU THÀNH",
    "PROVINCE_ID": 58
  },
  {
    "DISTRICT_ID": 658,
    "DISTRICT_VALUE": "9310",
    "DISTRICT_NAME": "THÀNH PHỐ BẾN TRE",
    "PROVINCE_ID": 58
  },
  {
    "DISTRICT_ID": 659,
    "DISTRICT_VALUE": "9224",
    "DISTRICT_NAME": "HUYỆN AN BIÊN",
    "PROVINCE_ID": 59
  },
  {
    "DISTRICT_ID": 660,
    "DISTRICT_VALUE": "9238",
    "DISTRICT_NAME": "HUYỆN GIỒNG RIỀNG",
    "PROVINCE_ID": 59
  },
  {
    "DISTRICT_ID": 661,
    "DISTRICT_VALUE": "9246",
    "DISTRICT_NAME": "HUYỆN U MINH THƯỢNG",
    "PROVINCE_ID": 59
  },
  {
    "DISTRICT_ID": 662,
    "DISTRICT_VALUE": "9218",
    "DISTRICT_NAME": "HUYỆN KIÊN LƯƠNG",
    "PROVINCE_ID": 59
  },
  {
    "DISTRICT_ID": 663,
    "DISTRICT_VALUE": "9230",
    "DISTRICT_NAME": "HUYỆN CHÂU THÀNH",
    "PROVINCE_ID": 59
  },
  {
    "DISTRICT_ID": 664,
    "DISTRICT_VALUE": "9216",
    "DISTRICT_NAME": "HUYỆN HÒN ĐẤT",
    "PROVINCE_ID": 59
  },
  {
    "DISTRICT_ID": 665,
    "DISTRICT_VALUE": "9250",
    "DISTRICT_NAME": "HUYÊN GIANG THÀNH",
    "PROVINCE_ID": 59
  },
  {
    "DISTRICT_ID": 666,
    "DISTRICT_VALUE": "9232",
    "DISTRICT_NAME": "HUYỆN VĨNH THUẬN",
    "PROVINCE_ID": 59
  },
  {
    "DISTRICT_ID": 667,
    "DISTRICT_VALUE": "9210",
    "DISTRICT_NAME": "THÀNH PHỐ RẠCH GIÁ",
    "PROVINCE_ID": 59
  },
  {
    "DISTRICT_ID": 668,
    "DISTRICT_VALUE": "9214",
    "DISTRICT_NAME": "HUYỆN TÂN HIỆP",
    "PROVINCE_ID": 59
  },
  {
    "DISTRICT_ID": 669,
    "DISTRICT_VALUE": "9222",
    "DISTRICT_NAME": "HUYỆN PHÚ QUỐC",
    "PROVINCE_ID": 59
  },
  {
    "DISTRICT_ID": 670,
    "DISTRICT_VALUE": "9235",
    "DISTRICT_NAME": "HUYỆN GÒ QUAO",
    "PROVINCE_ID": 59
  },
  {
    "DISTRICT_ID": 671,
    "DISTRICT_VALUE": "9220",
    "DISTRICT_NAME": "THÀNH PHỐ HÀ TIÊN",
    "PROVINCE_ID": 59
  },
  {
    "DISTRICT_ID": 672,
    "DISTRICT_VALUE": "9241",
    "DISTRICT_NAME": "HUYỆN KIÊN HẢI",
    "PROVINCE_ID": 59
  },
  {
    "DISTRICT_ID": 673,
    "DISTRICT_VALUE": "9227",
    "DISTRICT_NAME": "HUYỆN AN MINH",
    "PROVINCE_ID": 59
  },
  {
    "DISTRICT_ID": 674,
    "DISTRICT_VALUE": "9430",
    "DISTRICT_NAME": "HUYỆN TRÀ CÚ",
    "PROVINCE_ID": 60
  },
  {
    "DISTRICT_ID": 675,
    "DISTRICT_VALUE": "9439",
    "DISTRICT_NAME": "HUYỆN DUYÊN HẢI",
    "PROVINCE_ID": 60
  },
  {
    "DISTRICT_ID": 676,
    "DISTRICT_VALUE": "9421",
    "DISTRICT_NAME": "HUYỆN CẦU KÈ",
    "PROVINCE_ID": 60
  },
  {
    "DISTRICT_ID": 677,
    "DISTRICT_VALUE": "9417",
    "DISTRICT_NAME": "HUYỆN CÀNG LONG",
    "PROVINCE_ID": 60
  },
  {
    "DISTRICT_ID": 678,
    "DISTRICT_VALUE": "9426",
    "DISTRICT_NAME": "HUYỆN CHÂU THÀNH",
    "PROVINCE_ID": 60
  },
  {
    "DISTRICT_ID": 679,
    "DISTRICT_VALUE": "9435",
    "DISTRICT_NAME": "HUYỆN CẦU NGANG",
    "PROVINCE_ID": 60
  },
  {
    "DISTRICT_ID": 680,
    "DISTRICT_VALUE": "9410",
    "DISTRICT_NAME": "THÀNH PHỐ TRÀ VINH",
    "PROVINCE_ID": 60
  },
  {
    "DISTRICT_ID": 681,
    "DISTRICT_VALUE": "9423",
    "DISTRICT_NAME": "HUYỆN TIỂU CẦN",
    "PROVINCE_ID": 60
  },
  {
    "DISTRICT_ID": 682,
    "DISTRICT_VALUE": "9517",
    "DISTRICT_NAME": "HUYỆN LONG PHÚ",
    "PROVINCE_ID": 61
  },
  {
    "DISTRICT_ID": 683,
    "DISTRICT_VALUE": "9527",
    "DISTRICT_NAME": "HUYỆN THẠNH TRỊ",
    "PROVINCE_ID": 61
  },
  {
    "DISTRICT_ID": 684,
    "DISTRICT_VALUE": "9550",
    "DISTRICT_NAME": "HUYỆN CHÂU THÀNH",
    "PROVINCE_ID": 61
  },
  {
    "DISTRICT_ID": 685,
    "DISTRICT_VALUE": "9540",
    "DISTRICT_NAME": "THỊ XÃ NGÃ NĂM",
    "PROVINCE_ID": 61
  },
  {
    "DISTRICT_ID": 686,
    "DISTRICT_VALUE": "9520",
    "DISTRICT_NAME": "HUYỆN KẾ SÁCH",
    "PROVINCE_ID": 61
  },
  {
    "DISTRICT_ID": 687,
    "DISTRICT_VALUE": "9538",
    "DISTRICT_NAME": "HUYỆN CÙ LAO DUNG",
    "PROVINCE_ID": 61
  },
  {
    "DISTRICT_ID": 688,
    "DISTRICT_VALUE": "9511",
    "DISTRICT_NAME": "HUYỆN TRẦN ĐỀ",
    "PROVINCE_ID": 61
  },
  {
    "DISTRICT_ID": 689,
    "DISTRICT_VALUE": "9510",
    "DISTRICT_NAME": "THÀNH PHỐ SÓC TRĂNG",
    "PROVINCE_ID": 61
  },
  {
    "DISTRICT_ID": 690,
    "DISTRICT_VALUE": "9530",
    "DISTRICT_NAME": "HUYỆN MỸ XUYÊN",
    "PROVINCE_ID": 61
  },
  {
    "DISTRICT_ID": 691,
    "DISTRICT_VALUE": "9523",
    "DISTRICT_NAME": "HUYỆN MỸ TÚ",
    "PROVINCE_ID": 61
  },
  {
    "DISTRICT_ID": 692,
    "DISTRICT_VALUE": "9535",
    "DISTRICT_NAME": "THỊ XÃ VĨNH CHÂU",
    "PROVINCE_ID": 61
  },
  {
    "DISTRICT_ID": 693,
    "DISTRICT_VALUE": "9632",
    "DISTRICT_NAME": "HUYỆN HÒA BÌNH",
    "PROVINCE_ID": 62
  },
  {
    "DISTRICT_ID": 694,
    "DISTRICT_VALUE": "9629",
    "DISTRICT_NAME": "HUYỆN ĐÔNG HẢI",
    "PROVINCE_ID": 62
  },
  {
    "DISTRICT_ID": 695,
    "DISTRICT_VALUE": "9610",
    "DISTRICT_NAME": "THÀNH PHỐ BẠC LIÊU",
    "PROVINCE_ID": 62
  },
  {
    "DISTRICT_ID": 696,
    "DISTRICT_VALUE": "9626",
    "DISTRICT_NAME": "THỊ XÃ GIÁ RAI",
    "PROVINCE_ID": 62
  },
  {
    "DISTRICT_ID": 697,
    "DISTRICT_VALUE": "9615",
    "DISTRICT_NAME": "HUYỆN VĨNH LỢI",
    "PROVINCE_ID": 62
  },
  {
    "DISTRICT_ID": 698,
    "DISTRICT_VALUE": "9624",
    "DISTRICT_NAME": "HUYỆN HỒNG DÂN",
    "PROVINCE_ID": 62
  },
  {
    "DISTRICT_ID": 699,
    "DISTRICT_VALUE": "9621",
    "DISTRICT_NAME": "HUYỆN PHƯỚC LONG",
    "PROVINCE_ID": 62
  },
  {
    "DISTRICT_ID": 700,
    "DISTRICT_VALUE": "9727",
    "DISTRICT_NAME": "HUYỆN CÁI NƯỚC",
    "PROVINCE_ID": 63
  },
  {
    "DISTRICT_ID": 701,
    "DISTRICT_VALUE": "9739",
    "DISTRICT_NAME": "HUYỆN NĂM CĂN",
    "PROVINCE_ID": 63
  },
  {
    "DISTRICT_ID": 702,
    "DISTRICT_VALUE": "9730",
    "DISTRICT_NAME": "HUYỆN ĐẦM DƠI",
    "PROVINCE_ID": 63
  },
  {
    "DISTRICT_ID": 703,
    "DISTRICT_VALUE": "9734",
    "DISTRICT_NAME": "HUYỆN NGỌC HIỂN",
    "PROVINCE_ID": 63
  },
  {
    "DISTRICT_ID": 704,
    "DISTRICT_VALUE": "9721",
    "DISTRICT_NAME": "HUYỆN U MINH",
    "PROVINCE_ID": 63
  },
  {
    "DISTRICT_ID": 705,
    "DISTRICT_VALUE": "9723",
    "DISTRICT_NAME": "HUYỆN TRẦN VĂN THỜI",
    "PROVINCE_ID": 63
  },
  {
    "DISTRICT_ID": 706,
    "DISTRICT_VALUE": "9736",
    "DISTRICT_NAME": "HUYỆN PHÚ TÂN",
    "PROVINCE_ID": 63
  },
  {
    "DISTRICT_ID": 707,
    "DISTRICT_VALUE": "9710",
    "DISTRICT_NAME": "THÀNH PHỐ CÀ MAU",
    "PROVINCE_ID": 63
  },
  {
    "DISTRICT_ID": 708,
    "DISTRICT_VALUE": "9718",
    "DISTRICT_NAME": "HUYỆN THỚI BÌNH",
    "PROVINCE_ID": 63
  },
  {
    "DISTRICT_ID": 709,
    "DISTRICT_VALUE": "3810",
    "DISTRICT_NAME": "THÀNH PHỐ ĐIỆN BIÊN PHỦ",
    "PROVINCE_ID": 64
  },
  {
    "DISTRICT_ID": 710,
    "DISTRICT_VALUE": "3814",
    "DISTRICT_NAME": "HUYỆN ĐIỆN BIÊN",
    "PROVINCE_ID": 64
  },
  {
    "DISTRICT_ID": 711,
    "DISTRICT_VALUE": "3820",
    "DISTRICT_NAME": "HUYỆN ĐIỆN BIÊN ĐÔNG",
    "PROVINCE_ID": 64
  },
  {
    "DISTRICT_ID": 712,
    "DISTRICT_VALUE": "3839",
    "DISTRICT_NAME": "THỊ XÃ MƯỜNG LAY",
    "PROVINCE_ID": 64
  },
  {
    "DISTRICT_ID": 713,
    "DISTRICT_VALUE": "3840",
    "DISTRICT_NAME": "HUYỆN MƯỜNG NHÉ",
    "PROVINCE_ID": 64
  },
  {
    "DISTRICT_ID": 714,
    "DISTRICT_VALUE": "3848",
    "DISTRICT_NAME": "HUYỆN MƯỜNG ẢNG",
    "PROVINCE_ID": 64
  },
  {
    "DISTRICT_ID": 715,
    "DISTRICT_VALUE": "3841",
    "DISTRICT_NAME": "HUYỆN NẬM PỒ",
    "PROVINCE_ID": 64
  },
  {
    "DISTRICT_ID": 716,
    "DISTRICT_VALUE": "3833",
    "DISTRICT_NAME": "HUYỆN MƯỜNG CHÀ",
    "PROVINCE_ID": 64
  },
  {
    "DISTRICT_ID": 717,
    "DISTRICT_VALUE": "3836",
    "DISTRICT_NAME": "HUYỆN TỦA CHÙA",
    "PROVINCE_ID": 64
  },
  {
    "DISTRICT_ID": 718,
    "DISTRICT_VALUE": "3825",
    "DISTRICT_NAME": "HUYỆN TUẦN GIÁO",
    "PROVINCE_ID": 64
  },
  {
    "DISTRICT_ID": 725,
    "DISTRICT_VALUE": "2779",
    "DISTRICT_NAME": "HUYỆN QUẢNG HÒA",
    "PROVINCE_ID": 19
  },
  {
    "DISTRICT_ID": 726,
    "DISTRICT_VALUE": "8649",
    "DISTRICT_NAME": "THỊ XÃ CAI LẬY",
    "PROVINCE_ID": 6
  },
  {
    "DISTRICT_ID": 727,
    "DISTRICT_VALUE": "9440",
    "DISTRICT_NAME": "THỊ XÃ DUYÊN HẢI",
    "PROVINCE_ID": 60
  },
  {
    "DISTRICT_ID": 1231,
    "DISTRICT_VALUE": "7621",
    "DISTRICT_NAME": "THÀNH PHỐ THỦ ĐỨC",
    "PROVINCE_ID": 2
  },
  {
    "DISTRICT_ID": 1232,
    "DISTRICT_VALUE": "4565",
    "DISTRICT_NAME": "THỊ XÃ NGHI SƠN",
    "PROVINCE_ID": 32
  },
  {
    "DISTRICT_ID": 2000,
    "PROVINCE_ID": 100,
    "DISTRICT_VALUE": "4565",
    "DISTRICT_NAME": "Đông Hưng"
  },
  {
    "DISTRICT_ID": 2001,
    "PROVINCE_ID": 101,
    "DISTRICT_VALUE": "4565",
    "DISTRICT_NAME": "Bạch Vân"
  }
]