[
  {
    "PROVINCE_ID": 1,
    "PROVINCE_CODE": "HNI",
    "PROVINCE_NAME": "Hà Nội"
  },
  {
    "PROVINCE_ID": 2,
    "PROVINCE_CODE": "HCM",
    "PROVINCE_NAME": "Hồ Chí Minh"
  },
  {
    "PROVINCE_ID": 3,
    "PROVINCE_CODE": "HPG",
    "PROVINCE_NAME": "Hải Phòng"
  },
  {
    "PROVINCE_ID": 4,
    "PROVINCE_CODE": "DNG",
    "PROVINCE_NAME": "Đà Nẵng"
  },
  {
    "PROVINCE_ID": 5,
    "PROVINCE_CODE": "CTO",
    "PROVINCE_NAME": "Cần Thơ"
  },
  {
    "PROVINCE_ID": 6,
    "PROVINCE_CODE": "TGG",
    "PROVINCE_NAME": "Tiền Giang"
  },
  {
    "PROVINCE_ID": 8,
    "PROVINCE_CODE": "HUG",
    "PROVINCE_NAME": "Hậu Giang"
  },
  {
    "PROVINCE_ID": 9,
    "PROVINCE_CODE": "DKG",
    "PROVINCE_NAME": "Đăk Nông"
  },
  {
    "PROVINCE_ID": 10,
    "PROVINCE_CODE": "VPC",
    "PROVINCE_NAME": "Vĩnh Phúc"
  },
  {
    "PROVINCE_ID": 11,
    "PROVINCE_CODE": "BNH",
    "PROVINCE_NAME": "Bắc Ninh"
  },
  {
    "PROVINCE_ID": 12,
    "PROVINCE_CODE": "HDG",
    "PROVINCE_NAME": "Hải Dương"
  },
  {
    "PROVINCE_ID": 13,
    "PROVINCE_CODE": "HYN",
    "PROVINCE_NAME": "Hưng Yên"
  },
  {
    "PROVINCE_ID": 14,
    "PROVINCE_CODE": "HNM",
    "PROVINCE_NAME": "Hà Nam"
  },
  {
    "PROVINCE_ID": 15,
    "PROVINCE_CODE": "NDH",
    "PROVINCE_NAME": "Nam Ðịnh"
  },
  {
    "PROVINCE_ID": 16,
    "PROVINCE_CODE": "TBH",
    "PROVINCE_NAME": "Thái Bình"
  },
  {
    "PROVINCE_ID": 17,
    "PROVINCE_CODE": "NBH",
    "PROVINCE_NAME": "Ninh Bình"
  },
  {
    "PROVINCE_ID": 18,
    "PROVINCE_CODE": "HGG",
    "PROVINCE_NAME": "Hà Giang"
  },
  {
    "PROVINCE_ID": 19,
    "PROVINCE_CODE": "CBG",
    "PROVINCE_NAME": "Cao Bằng"
  },
  {
    "PROVINCE_ID": 20,
    "PROVINCE_CODE": "LCI",
    "PROVINCE_NAME": "Lào Cai"
  },
  {
    "PROVINCE_ID": 21,
    "PROVINCE_CODE": "BKN",
    "PROVINCE_NAME": "Bắc Kạn"
  },
  {
    "PROVINCE_ID": 22,
    "PROVINCE_CODE": "LSN",
    "PROVINCE_NAME": "Lạng Sơn"
  },
  {
    "PROVINCE_ID": 23,
    "PROVINCE_CODE": "TQG",
    "PROVINCE_NAME": "Tuyên Quang"
  },
  {
    "PROVINCE_ID": 24,
    "PROVINCE_CODE": "YBN",
    "PROVINCE_NAME": "Yên Bái"
  },
  {
    "PROVINCE_ID": 25,
    "PROVINCE_CODE": "TNN",
    "PROVINCE_NAME": "Thái Nguyên"
  },
  {
    "PROVINCE_ID": 26,
    "PROVINCE_CODE": "PHO",
    "PROVINCE_NAME": "Phú Thọ"
  },
  {
    "PROVINCE_ID": 27,
    "PROVINCE_CODE": "BGG",
    "PROVINCE_NAME": "Bắc Giang"
  },
  {
    "PROVINCE_ID": 28,
    "PROVINCE_CODE": "QNH",
    "PROVINCE_NAME": "Quảng Ninh"
  },
  {
    "PROVINCE_ID": 29,
    "PROVINCE_CODE": "LCU",
    "PROVINCE_NAME": "Lai Châu"
  },
  {
    "PROVINCE_ID": 30,
    "PROVINCE_CODE": "SLA",
    "PROVINCE_NAME": "Sơn La"
  },
  {
    "PROVINCE_ID": 31,
    "PROVINCE_CODE": "HBH",
    "PROVINCE_NAME": "Hòa Bình"
  },
  {
    "PROVINCE_ID": 32,
    "PROVINCE_CODE": "THA",
    "PROVINCE_NAME": "Thanh Hóa"
  },
  {
    "PROVINCE_ID": 33,
    "PROVINCE_CODE": "NAN",
    "PROVINCE_NAME": "Nghệ An"
  },
  {
    "PROVINCE_ID": 34,
    "PROVINCE_CODE": "HTH",
    "PROVINCE_NAME": "Hà Tĩnh"
  },
  {
    "PROVINCE_ID": 35,
    "PROVINCE_CODE": "QBH",
    "PROVINCE_NAME": "Quảng Bình"
  },
  {
    "PROVINCE_ID": 36,
    "PROVINCE_CODE": "QTI",
    "PROVINCE_NAME": "Quảng Trị"
  },
  {
    "PROVINCE_ID": 37,
    "PROVINCE_CODE": "HUE",
    "PROVINCE_NAME": "Thừa Thiên - Huế"
  },
  {
    "PROVINCE_ID": 38,
    "PROVINCE_CODE": "QNM",
    "PROVINCE_NAME": "Quảng Nam"
  },
  {
    "PROVINCE_ID": 39,
    "PROVINCE_CODE": "QNI",
    "PROVINCE_NAME": "Quảng Ngãi"
  },
  {
    "PROVINCE_ID": 40,
    "PROVINCE_CODE": "BDH",
    "PROVINCE_NAME": "Bình Ðịnh"
  },
  {
    "PROVINCE_ID": 41,
    "PROVINCE_CODE": "PYN",
    "PROVINCE_NAME": "Phú Yên"
  },
  {
    "PROVINCE_ID": 42,
    "PROVINCE_CODE": "KHA",
    "PROVINCE_NAME": "Khánh Hòa"
  },
  {
    "PROVINCE_ID": 43,
    "PROVINCE_CODE": "KTM",
    "PROVINCE_NAME": "Kon Tum"
  },
  {
    "PROVINCE_ID": 44,
    "PROVINCE_CODE": "GLI",
    "PROVINCE_NAME": "Gia Lai"
  },
  {
    "PROVINCE_ID": 45,
    "PROVINCE_CODE": "DLK",
    "PROVINCE_NAME": "Đăk Lăk"
  },
  {
    "PROVINCE_ID": 46,
    "PROVINCE_CODE": "LDG",
    "PROVINCE_NAME": "Lâm Ðồng"
  },
  {
    "PROVINCE_ID": 47,
    "PROVINCE_CODE": "NTN",
    "PROVINCE_NAME": "Ninh Thuận"
  },
  {
    "PROVINCE_ID": 48,
    "PROVINCE_CODE": "BPC",
    "PROVINCE_NAME": "Bình Phước"
  },
  {
    "PROVINCE_ID": 49,
    "PROVINCE_CODE": "TNH",
    "PROVINCE_NAME": "Tây Ninh"
  },
  {
    "PROVINCE_ID": 50,
    "PROVINCE_CODE": "BDG",
    "PROVINCE_NAME": "Bình Dương"
  },
  {
    "PROVINCE_ID": 51,
    "PROVINCE_CODE": "DNI",
    "PROVINCE_NAME": "Đồng Nai"
  },
  {
    "PROVINCE_ID": 52,
    "PROVINCE_CODE": "BTN",
    "PROVINCE_NAME": "Bình Thuận"
  },
  {
    "PROVINCE_ID": 53,
    "PROVINCE_CODE": "VTU",
    "PROVINCE_NAME": "Bà rịa - Vũng tàu"
  },
  {
    "PROVINCE_ID": 54,
    "PROVINCE_CODE": "LAN",
    "PROVINCE_NAME": "Long An"
  },
  {
    "PROVINCE_ID": 55,
    "PROVINCE_CODE": "DTP",
    "PROVINCE_NAME": "Đồng Tháp"
  },
  {
    "PROVINCE_ID": 56,
    "PROVINCE_CODE": "AGG",
    "PROVINCE_NAME": "An Giang"
  },
  {
    "PROVINCE_ID": 57,
    "PROVINCE_CODE": "VLG",
    "PROVINCE_NAME": "Vĩnh Long"
  },
  {
    "PROVINCE_ID": 58,
    "PROVINCE_CODE": "BTE",
    "PROVINCE_NAME": "Bến Tre"
  },
  {
    "PROVINCE_ID": 59,
    "PROVINCE_CODE": "KGG",
    "PROVINCE_NAME": "Kiên Giang"
  },
  {
    "PROVINCE_ID": 60,
    "PROVINCE_CODE": "TVH",
    "PROVINCE_NAME": "Trà Vinh"
  },
  {
    "PROVINCE_ID": 61,
    "PROVINCE_CODE": "STG",
    "PROVINCE_NAME": "Sóc Trăng"
  },
  {
    "PROVINCE_ID": 62,
    "PROVINCE_CODE": "BLU",
    "PROVINCE_NAME": "Bạc Liêu"
  },
  {
    "PROVINCE_ID": 63,
    "PROVINCE_CODE": "CMU",
    "PROVINCE_NAME": "Cà Mau"
  },
  {
    "PROVINCE_ID": 64,
    "PROVINCE_CODE": "DBN",
    "PROVINCE_NAME": "Điện Biên"
  },
  {
    "PROVINCE_ID": 100,
    "PROVINCE_CODE": "DBN",
    "PROVINCE_NAME": "Quảng Tây"
  },
  {
    "PROVINCE_ID": 101,
    "PROVINCE_CODE": "DBN",
    "PROVINCE_NAME": "Quảng Đông"
  }
]